{"data":[{"ObjectIdentifier": "S-1-5-21-2792612951-3153621230-847724886-1001", "AllowedToAct": [], "PrimaryGroupSID": "S-1-5-21-2792612951-3153621230-847724886-516", "LocalAdmins": {"Collected": true, "FailureReason": null, "Results": [{"ObjectIdentifier": "S-1-5-21-2792612951-3153621230-847724886-500", "ObjectType": "User"}, {"ObjectIdentifier": "S-1-5-21-2792612951-3153621230-847724886-1000", "ObjectType": "User"}, {"ObjectIdentifier": "S-1-5-21-2792612951-3153621230-847724886-519", "ObjectType": "Group"}, {"ObjectIdentifier": "S-1-5-21-2792612951-3153621230-847724886-512", "ObjectType": "Group"}]}, "PSRemoteUsers": {"Collected": true, "FailureReason": null, "Results": []}, "Properties": {"name": "VDT-DC01.VDT.LOCAL", "domainsid": "S-1-5-21-2792612951-3153621230-847724886", "domain": "VDT.LOCAL", "distinguishedname": "CN=VDT-DC01,OU=DOMAIN CONTROLLERS,DC=VDT,DC=LOCAL", "unconstraineddelegation": true, "enabled": true, "trustedtoauth": false, "samaccountname": "VDT-DC01$", "haslaps": false, "lastlogon": 1747926962, "lastlogontimestamp": 1747850277, "pwdlastset": 1747850254, "whencreated": 1747850237, "serviceprincipalnames": ["Dfsr-12F9A27C-BF97-4787-9364-D31B6C55EB04/VDT-DC01.vdt.local", "ldap/VDT-DC01.vdt.local/ForestDnsZones.vdt.local", "ldap/VDT-DC01.vdt.local/DomainDnsZones.vdt.local", "DNS/VDT-DC01.vdt.local", "GC/VDT-DC01.vdt.local/vdt.local", "RestrictedKrbHost/VDT-DC01.vdt.local", "RestrictedKrbHost/VDT-DC01", "RPC/552ed990-3a7e-4728-af84-7eb222c879b9._msdcs.vdt.local", "HOST/VDT-DC01/VDT", "HOST/VDT-DC01.vdt.local/VDT", "HOST/VDT-DC01", "HOST/VDT-DC01.vdt.local", "HOST/VDT-DC01.vdt.local/vdt.local", "E3514235-4B06-11D1-AB04-00C04FC2DCD2/552ed990-3a7e-4728-af84-7eb222c879b9/vdt.local", "ldap/VDT-DC01/VDT", "ldap/552ed990-3a7e-4728-af84-7eb222c879b9._msdcs.vdt.local", "ldap/VDT-DC01.vdt.local/VDT", "ldap/VDT-DC01", "ldap/VDT-DC01.vdt.local", "ldap/VDT-DC01.vdt.local/vdt.local"], "description": null, "operatingsystem": "Windows Server 2019 Standard", "sidhistory": []}, "RemoteDesktopUsers": {"Collected": true, "FailureReason": null, "Results": []}, "DcomUsers": {"Collected": true, "FailureReason": null, "Results": []}, "AllowedToDelegate": [], "Sessions": {"Collected": true, "FailureReason": null, "Results": []}, "PrivilegedSessions": {"Collected": false, "FailureReason": null, "Results": []}, "RegistrySessions": {"Collected": false, "FailureReason": null, "Results": []}, "Aces": [{"RightName": "Owns", "IsInherited": false, "PrincipalSID": "S-1-5-21-2792612951-3153621230-847724886-512", "PrincipalType": "Group"}, {"RightName": "GenericAll", "IsInherited": false, "PrincipalSID": "S-1-5-21-2792612951-3153621230-847724886-512", "PrincipalType": "Group"}, {"RightName": "AddKeyCredentialLink", "IsInherited": true, "PrincipalSID": "S-1-5-21-2792612951-3153621230-847724886-526", "PrincipalType": "Group"}, {"RightName": "AddKeyCredentialLink", "IsInherited": true, "PrincipalSID": "S-1-5-21-2792612951-3153621230-847724886-527", "PrincipalType": "Group"}, {"RightName": "GenericAll", "IsInherited": true, "PrincipalSID": "S-1-5-21-2792612951-3153621230-847724886-519", "PrincipalType": "Group"}, {"RightName": "GenericAll", "IsInherited": true, "PrincipalSID": "S-1-5-21-2792612951-3153621230-847724886-1111", "PrincipalType": "User"}, {"RightName": "GenericWrite", "IsInherited": true, "PrincipalSID": "VDT.LOCAL-S-1-5-32-544", "PrincipalType": "Group"}, {"RightName": "WriteOwner", "IsInherited": true, "PrincipalSID": "VDT.LOCAL-S-1-5-32-544", "PrincipalType": "Group"}, {"RightName": "WriteDacl", "IsInherited": true, "PrincipalSID": "VDT.LOCAL-S-1-5-32-544", "PrincipalType": "Group"}], "HasSIDHistory": [], "IsDeleted": false, "Status": null, "IsACLProtected": false}],"meta":{"methods":0,"type":"computers","count":1, "version":5}}