{"data": [{"ObjectIdentifier": "S-1-5-21-2792612951-3153621230-847724886", "Properties": {"name": "VDT.LOCAL", "domain": "VDT.LOCAL", "domainsid": "S-1-5-21-2792612951-3153621230-847724886", "distinguishedname": "DC=VDT,DC=LOCAL", "description": "", "functionallevel": "2016", "highvalue": true, "whencreated": 1747850175}, "Trusts": [], "Aces": [{"RightName": "Owns", "IsInherited": false, "PrincipalSID": "VDT.LOCAL-S-1-5-32-544", "PrincipalType": "Group"}, {"RightName": "GetChanges", "IsInherited": false, "PrincipalSID": "S-1-5-21-2792612951-3153621230-847724886-498", "PrincipalType": "Group"}, {"RightName": "GetChangesAll", "IsInherited": false, "PrincipalSID": "S-1-5-21-2792612951-3153621230-847724886-516", "PrincipalType": "Group"}, {"RightName": "GetChangesInFilteredSet", "IsInherited": false, "PrincipalSID": "VDT.LOCAL-S-1-5-32-544", "PrincipalType": "Group"}, {"RightName": "GetChanges", "IsInherited": false, "PrincipalSID": "VDT.LOCAL-S-1-5-32-544", "PrincipalType": "Group"}, {"RightName": "GetChangesAll", "IsInherited": false, "PrincipalSID": "VDT.LOCAL-S-1-5-32-544", "PrincipalType": "Group"}, {"RightName": "GetChangesInFilteredSet", "IsInherited": false, "PrincipalSID": "VDT.LOCAL-S-1-5-9", "PrincipalType": "Group"}, {"RightName": "GetChanges", "IsInherited": false, "PrincipalSID": "VDT.LOCAL-S-1-5-9", "PrincipalType": "Group"}, {"RightName": "WriteOwner", "IsInherited": false, "PrincipalSID": "S-1-5-21-2792612951-3153621230-847724886-512", "PrincipalType": "Group"}, {"RightName": "AllExtendedRights", "IsInherited": false, "PrincipalSID": "S-1-5-21-2792612951-3153621230-847724886-512", "PrincipalType": "Group"}, {"RightName": "WriteDacl", "IsInherited": false, "PrincipalSID": "S-1-5-21-2792612951-3153621230-847724886-512", "PrincipalType": "Group"}, {"RightName": "GenericAll", "IsInherited": false, "PrincipalSID": "S-1-5-21-2792612951-3153621230-847724886-519", "PrincipalType": "Group"}, {"RightName": "GenericAll", "IsInherited": false, "PrincipalSID": "S-1-5-21-2792612951-3153621230-847724886-1111", "PrincipalType": "User"}, {"RightName": "WriteOwner", "IsInherited": false, "PrincipalSID": "VDT.LOCAL-S-1-5-32-544", "PrincipalType": "Group"}, {"RightName": "AllExtendedRights", "IsInherited": false, "PrincipalSID": "VDT.LOCAL-S-1-5-32-544", "PrincipalType": "Group"}, {"RightName": "WriteDacl", "IsInherited": false, "PrincipalSID": "VDT.LOCAL-S-1-5-32-544", "PrincipalType": "Group"}], "Links": [{"IsEnforced": false, "GUID": "299DC997-A32A-49C1-A1D8-E1957A8BFFC0"}], "ChildObjects": [{"ObjectIdentifier": "E3D115E7-34C8-49A0-A76B-A5A2AD8BDEFF", "ObjectType": "Container"}, {"ObjectIdentifier": "F3A74D64-839D-43BB-8331-11CD8A4F7363", "ObjectType": "OU"}, {"ObjectIdentifier": "1C11E572-8246-46C7-BB69-C9A18E45B9E7", "ObjectType": "Container"}, {"ObjectIdentifier": "BB2034BF-BB2F-4104-844A-79694116473B", "ObjectType": "Container"}, {"ObjectIdentifier": "ACA3E13C-7CD6-4542-B965-19FBDF0B6EE1", "ObjectType": "OU"}, {"ObjectIdentifier": "13EE92A9-EC7C-4229-BF89-5FF43EA84BEA", "ObjectType": "Container"}], "GPOChanges": {"AffectedComputers": [], "DcomUsers": [], "LocalAdmins": [], "PSRemoteUsers": [], "RemoteDesktopUsers": []}, "IsDeleted": false, "IsACLProtected": false}], "meta": {"type": "domains", "count": 1, "version": 5}}