{"data":[{"ObjectIdentifier": "56628303-7544-4B02-8937-B3299C45550E", "Properties": {"domain": "VDT.LOCAL", "name": "WMIGPO@VDT.LOCAL", "distinguishedname": "CN=WMIGPO,CN=WMIPOLICY,CN=SYSTEM,DC=VDT,DC=LOCAL", "domainsid": "S-1-5-21-2792612951-3153621230-847724886", "highvalue": false, "description": "", "whencreated": 1747850182}, "IsDeleted": false, "IsACLProtected": false, "Aces": [{"RightName": "Owns", "IsInherited": false, "PrincipalSID": "S-1-5-21-2792612951-3153621230-847724886-512", "PrincipalType": "Group"}, {"RightName": "WriteOwner", "IsInherited": false, "PrincipalSID": "S-1-5-21-2792612951-3153621230-847724886-512", "PrincipalType": "Group"}, {"RightName": "WriteDacl", "IsInherited": false, "PrincipalSID": "S-1-5-21-2792612951-3153621230-847724886-512", "PrincipalType": "Group"}, {"RightName": "GenericAll", "IsInherited": true, "PrincipalSID": "S-1-5-21-2792612951-3153621230-847724886-519", "PrincipalType": "Group"}, {"RightName": "GenericAll", "IsInherited": true, "PrincipalSID": "S-1-5-21-2792612951-3153621230-847724886-512", "PrincipalType": "Group"}], "ChildObjects": []},{"ObjectIdentifier": "8DF4E00E-4EE6-4916-BF49-CECE90A3B353", "Properties": {"domain": "VDT.LOCAL", "name": "MICROSOFTDNS@VDT.LOCAL", "distinguishedname": "CN=MICROSOFTDNS,CN=SYSTEM,DC=VDT,DC=LOCAL", "domainsid": "S-1-5-21-2792612951-3153621230-847724886", "highvalue": false, "description": "", "whencreated": 1747850278}, "IsDeleted": false, "IsACLProtected": false, "Aces": [{"RightName": "GenericAll", "IsInherited": false, "PrincipalSID": "S-1-5-21-2792612951-3153621230-847724886-512", "PrincipalType": "Group"}, {"RightName": "WriteOwner", "IsInherited": false, "PrincipalSID": "S-1-5-21-2792612951-3153621230-847724886-1102", "PrincipalType": "Group"}, {"RightName": "WriteDacl", "IsInherited": false, "PrincipalSID": "S-1-5-21-2792612951-3153621230-847724886-1102", "PrincipalType": "Group"}, {"RightName": "WriteOwner", "IsInherited": false, "PrincipalSID": "VDT.LOCAL-S-1-5-9", "PrincipalType": "Group"}, {"RightName": "WriteDacl", "IsInherited": false, "PrincipalSID": "VDT.LOCAL-S-1-5-9", "PrincipalType": "Group"}, {"RightName": "GenericAll", "IsInherited": true, "PrincipalSID": "S-1-5-21-2792612951-3153621230-847724886-519", "PrincipalType": "Group"}, {"RightName": "GenericAll", "IsInherited": true, "PrincipalSID": "S-1-5-21-2792612951-3153621230-847724886-1111", "PrincipalType": "User"}, {"RightName": "WriteOwner", "IsInherited": true, "PrincipalSID": "VDT.LOCAL-S-1-5-32-544", "PrincipalType": "Group"}, {"RightName": "WriteDacl", "IsInherited": true, "PrincipalSID": "VDT.LOCAL-S-1-5-32-544", "PrincipalType": "Group"}], "ChildObjects": []},{"ObjectIdentifier": "3878807A-1E96-4810-BFCD-333B9C4ABC9E", "Properties": {"domain": "VDT.LOCAL", "name": "POLICYTYPE@VDT.LOCAL", "distinguishedname": "CN=POLICYTYPE,CN=WMIPOLICY,CN=SYSTEM,DC=VDT,DC=LOCAL", "domainsid": "S-1-5-21-2792612951-3153621230-847724886", "highvalue": false, "description": "", "whencreated": 1747850182}, "IsDeleted": false, "IsACLProtected": false, "Aces": [{"RightName": "Owns", "IsInherited": false, "PrincipalSID": "S-1-5-21-2792612951-3153621230-847724886-512", "PrincipalType": "Group"}, {"RightName": "WriteOwner", "IsInherited": false, "PrincipalSID": "S-1-5-21-2792612951-3153621230-847724886-512", "PrincipalType": "Group"}, {"RightName": "WriteDacl", "IsInherited": false, "PrincipalSID": "S-1-5-21-2792612951-3153621230-847724886-512", "PrincipalType": "Group"}, {"RightName": "GenericAll", "IsInherited": true, "PrincipalSID": "S-1-5-21-2792612951-3153621230-847724886-519", "PrincipalType": "Group"}, {"RightName": "GenericAll", "IsInherited": true, "PrincipalSID": "S-1-5-21-2792612951-3153621230-847724886-512", "PrincipalType": "Group"}], "ChildObjects": []},{"ObjectIdentifier": "C56C1F4E-90D9-458C-917D-D8D1C9402E5F", "Properties": {"domain": "VDT.LOCAL", "name": "SOM@VDT.LOCAL", "distinguishedname": "CN=SOM,CN=WMIPOLICY,CN=SYSTEM,DC=VDT,DC=LOCAL", "domainsid": "S-1-5-21-2792612951-3153621230-847724886", "highvalue": false, "description": "", "whencreated": 1747850182}, "IsDeleted": false, "IsACLProtected": true, "Aces": [{"RightName": "Owns", "IsInherited": false, "PrincipalSID": "S-1-5-21-2792612951-3153621230-847724886-512", "PrincipalType": "Group"}, {"RightName": "GenericAll", "IsInherited": false, "PrincipalSID": "S-1-5-21-2792612951-3153621230-847724886-512", "PrincipalType": "Group"}, {"RightName": "GenericAll", "IsInherited": false, "PrincipalSID": "S-1-5-21-2792612951-3153621230-847724886-519", "PrincipalType": "Group"}], "ChildObjects": []},{"ObjectIdentifier": "8317798F-D3A3-4B4E-9B4B-F789F38A05E1", "Properties": {"domain": "VDT.LOCAL", "name": "POLICYTEMPLATE@VDT.LOCAL", "distinguishedname": "CN=POLICYTEMPLATE,CN=WMIPOLICY,CN=SYSTEM,DC=VDT,DC=LOCAL", "domainsid": "S-1-5-21-2792612951-3153621230-847724886", "highvalue": false, "description": "", "whencreated": 1747850182}, "IsDeleted": false, "IsACLProtected": false, "Aces": [{"RightName": "Owns", "IsInherited": false, "PrincipalSID": "S-1-5-21-2792612951-3153621230-847724886-512", "PrincipalType": "Group"}, {"RightName": "WriteOwner", "IsInherited": false, "PrincipalSID": "S-1-5-21-2792612951-3153621230-847724886-512", "PrincipalType": "Group"}, {"RightName": "WriteDacl", "IsInherited": false, "PrincipalSID": "S-1-5-21-2792612951-3153621230-847724886-512", "PrincipalType": "Group"}, {"RightName": "GenericAll", "IsInherited": true, "PrincipalSID": "S-1-5-21-2792612951-3153621230-847724886-519", "PrincipalType": "Group"}, {"RightName": "GenericAll", "IsInherited": true, "PrincipalSID": "S-1-5-21-2792612951-3153621230-847724886-512", "PrincipalType": "Group"}], "ChildObjects": []},{"ObjectIdentifier": "9BC79094-F177-48C9-B29B-5480F3022088", "Properties": {"domain": "VDT.LOCAL", "name": "WMIPOLICY@VDT.LOCAL", "distinguishedname": "CN=WMIPOLICY,CN=SYSTEM,DC=VDT,DC=LOCAL", "domainsid": "S-1-5-21-2792612951-3153621230-847724886", "highvalue": false, "description": "", "whencreated": 1747850182}, "IsDeleted": false, "IsACLProtected": true, "Aces": [{"RightName": "Owns", "IsInherited": false, "PrincipalSID": "S-1-5-21-2792612951-3153621230-847724886-512", "PrincipalType": "Group"}, {"RightName": "GenericAll", "IsInherited": false, "PrincipalSID": "S-1-5-21-2792612951-3153621230-847724886-519", "PrincipalType": "Group"}, {"RightName": "GenericAll", "IsInherited": false, "PrincipalSID": "S-1-5-21-2792612951-3153621230-847724886-512", "PrincipalType": "Group"}], "ChildObjects": []},{"ObjectIdentifier": "216E7593-BE6F-4A15-8048-B99D25388610", "Properties": {"domain": "VDT.LOCAL", "name": "COMPARTITIONSETS@VDT.LOCAL", "distinguishedname": "CN=COMPARTITIONSETS,CN=SYSTEM,DC=VDT,DC=LOCAL", "domainsid": "S-1-5-21-2792612951-3153621230-847724886", "highvalue": false, "description": "", "whencreated": 1747850182}, "IsDeleted": false, "IsACLProtected": false, "Aces": [{"RightName": "Owns", "IsInherited": false, "PrincipalSID": "S-1-5-21-2792612951-3153621230-847724886-512", "PrincipalType": "Group"}, {"RightName": "WriteOwner", "IsInherited": false, "PrincipalSID": "S-1-5-21-2792612951-3153621230-847724886-512", "PrincipalType": "Group"}, {"RightName": "WriteDacl", "IsInherited": false, "PrincipalSID": "S-1-5-21-2792612951-3153621230-847724886-512", "PrincipalType": "Group"}, {"RightName": "GenericAll", "IsInherited": true, "PrincipalSID": "S-1-5-21-2792612951-3153621230-847724886-519", "PrincipalType": "Group"}, {"RightName": "GenericAll", "IsInherited": true, "PrincipalSID": "S-1-5-21-2792612951-3153621230-847724886-1111", "PrincipalType": "User"}, {"RightName": "WriteOwner", "IsInherited": true, "PrincipalSID": "VDT.LOCAL-S-1-5-32-544", "PrincipalType": "Group"}, {"RightName": "WriteDacl", "IsInherited": true, "PrincipalSID": "VDT.LOCAL-S-1-5-32-544", "PrincipalType": "Group"}], "ChildObjects": []},{"ObjectIdentifier": "FCE1DC72-1805-406E-9C33-BAEED0A40198", "Properties": {"domain": "VDT.LOCAL", "name": "COMPARTITIONS@VDT.LOCAL", "distinguishedname": "CN=COMPARTITIONS,CN=SYSTEM,DC=VDT,DC=LOCAL", "domainsid": "S-1-5-21-2792612951-3153621230-847724886", "highvalue": false, "description": "", "whencreated": 1747850182}, "IsDeleted": false, "IsACLProtected": false, "Aces": [{"RightName": "Owns", "IsInherited": false, "PrincipalSID": "S-1-5-21-2792612951-3153621230-847724886-512", "PrincipalType": "Group"}, {"RightName": "WriteOwner", "IsInherited": false, "PrincipalSID": "S-1-5-21-2792612951-3153621230-847724886-512", "PrincipalType": "Group"}, {"RightName": "WriteDacl", "IsInherited": false, "PrincipalSID": "S-1-5-21-2792612951-3153621230-847724886-512", "PrincipalType": "Group"}, {"RightName": "GenericAll", "IsInherited": true, "PrincipalSID": "S-1-5-21-2792612951-3153621230-847724886-519", "PrincipalType": "Group"}, {"RightName": "GenericAll", "IsInherited": true, "PrincipalSID": "S-1-5-21-2792612951-3153621230-847724886-1111", "PrincipalType": "User"}, {"RightName": "WriteOwner", "IsInherited": true, "PrincipalSID": "VDT.LOCAL-S-1-5-32-544", "PrincipalType": "Group"}, {"RightName": "WriteDacl", "IsInherited": true, "PrincipalSID": "VDT.LOCAL-S-1-5-32-544", "PrincipalType": "Group"}], "ChildObjects": []},{"ObjectIdentifier": "524A6393-81BB-42E0-8D0D-774B36AB75A7", "Properties": {"domain": "VDT.LOCAL", "name": "ADMINSDHOLDER@VDT.LOCAL", "distinguishedname": "CN=ADMINSDHOLDER,CN=SYSTEM,DC=VDT,DC=LOCAL", "domainsid": "S-1-5-21-2792612951-3153621230-847724886", "highvalue": false, "description": "", "whencreated": 1747850182}, "IsDeleted": false, "IsACLProtected": true, "Aces": [{"RightName": "Owns", "IsInherited": false, "PrincipalSID": "S-1-5-21-2792612951-3153621230-847724886-512", "PrincipalType": "Group"}, {"RightName": "WriteOwner", "IsInherited": false, "PrincipalSID": "S-1-5-21-2792612951-3153621230-847724886-512", "PrincipalType": "Group"}, {"RightName": "WriteDacl", "IsInherited": false, "PrincipalSID": "S-1-5-21-2792612951-3153621230-847724886-512", "PrincipalType": "Group"}, {"RightName": "WriteOwner", "IsInherited": false, "PrincipalSID": "S-1-5-21-2792612951-3153621230-847724886-519", "PrincipalType": "Group"}, {"RightName": "WriteDacl", "IsInherited": false, "PrincipalSID": "S-1-5-21-2792612951-3153621230-847724886-519", "PrincipalType": "Group"}, {"RightName": "WriteOwner", "IsInherited": false, "PrincipalSID": "VDT.LOCAL-S-1-5-32-544", "PrincipalType": "Group"}, {"RightName": "WriteDacl", "IsInherited": false, "PrincipalSID": "VDT.LOCAL-S-1-5-32-544", "PrincipalType": "Group"}], "ChildObjects": []},{"ObjectIdentifier": "FACEAB0E-F01D-4677-822F-BEA24C25BC1E", "Properties": {"domain": "VDT.LOCAL", "name": "IP SECURITY@VDT.LOCAL", "distinguishedname": "CN=IP SECURITY,CN=SYSTEM,DC=VDT,DC=LOCAL", "domainsid": "S-1-5-21-2792612951-3153621230-847724886", "highvalue": false, "description": "", "whencreated": 1747850182}, "IsDeleted": false, "IsACLProtected": false, "Aces": [{"RightName": "Owns", "IsInherited": false, "PrincipalSID": "S-1-5-21-2792612951-3153621230-847724886-512", "PrincipalType": "Group"}, {"RightName": "WriteOwner", "IsInherited": false, "PrincipalSID": "S-1-5-21-2792612951-3153621230-847724886-512", "PrincipalType": "Group"}, {"RightName": "WriteDacl", "IsInherited": false, "PrincipalSID": "S-1-5-21-2792612951-3153621230-847724886-512", "PrincipalType": "Group"}, {"RightName": "GenericAll", "IsInherited": true, "PrincipalSID": "S-1-5-21-2792612951-3153621230-847724886-519", "PrincipalType": "Group"}, {"RightName": "GenericAll", "IsInherited": true, "PrincipalSID": "S-1-5-21-2792612951-3153621230-847724886-1111", "PrincipalType": "User"}, {"RightName": "WriteOwner", "IsInherited": true, "PrincipalSID": "VDT.LOCAL-S-1-5-32-544", "PrincipalType": "Group"}, {"RightName": "WriteDacl", "IsInherited": true, "PrincipalSID": "VDT.LOCAL-S-1-5-32-544", "PrincipalType": "Group"}], "ChildObjects": []},{"ObjectIdentifier": "2F43C292-4107-465A-87B3-C712B58814E2", "Properties": {"domain": "VDT.LOCAL", "name": "RAS AND IAS SERVERS ACCESS CHECK@VDT.LOCAL", "distinguishedname": "CN=RAS AND IAS SERVERS ACCESS CHECK,CN=SYSTEM,DC=VDT,DC=LOCAL", "domainsid": "S-1-5-21-2792612951-3153621230-847724886", "highvalue": false, "description": "", "whencreated": 1747850182}, "IsDeleted": false, "IsACLProtected": false, "Aces": [{"RightName": "Owns", "IsInherited": false, "PrincipalSID": "S-1-5-21-2792612951-3153621230-847724886-512", "PrincipalType": "Group"}, {"RightName": "WriteOwner", "IsInherited": false, "PrincipalSID": "S-1-5-21-2792612951-3153621230-847724886-553", "PrincipalType": "Group"}, {"RightName": "WriteDacl", "IsInherited": false, "PrincipalSID": "S-1-5-21-2792612951-3153621230-847724886-553", "PrincipalType": "Group"}, {"RightName": "GenericAll", "IsInherited": true, "PrincipalSID": "S-1-5-21-2792612951-3153621230-847724886-519", "PrincipalType": "Group"}, {"RightName": "GenericAll", "IsInherited": true, "PrincipalSID": "S-1-5-21-2792612951-3153621230-847724886-1111", "PrincipalType": "User"}, {"RightName": "WriteOwner", "IsInherited": true, "PrincipalSID": "VDT.LOCAL-S-1-5-32-544", "PrincipalType": "Group"}, {"RightName": "WriteDacl", "IsInherited": true, "PrincipalSID": "VDT.LOCAL-S-1-5-32-544", "PrincipalType": "Group"}], "ChildObjects": []},{"ObjectIdentifier": "1F1E5F2D-DE45-43DE-A2CF-79818CEE79C9", "Properties": {"domain": "VDT.LOCAL", "name": "POLICIES@VDT.LOCAL", "distinguishedname": "CN=POLICIES,CN=SYSTEM,DC=VDT,DC=LOCAL", "domainsid": "S-1-5-21-2792612951-3153621230-847724886", "highvalue": false, "description": "", "whencreated": 1747850182}, "IsDeleted": false, "IsACLProtected": false, "Aces": [{"RightName": "Owns", "IsInherited": false, "PrincipalSID": "S-1-5-21-2792612951-3153621230-847724886-512", "PrincipalType": "Group"}, {"RightName": "WriteOwner", "IsInherited": false, "PrincipalSID": "S-1-5-21-2792612951-3153621230-847724886-512", "PrincipalType": "Group"}, {"RightName": "WriteDacl", "IsInherited": false, "PrincipalSID": "S-1-5-21-2792612951-3153621230-847724886-512", "PrincipalType": "Group"}, {"RightName": "GenericAll", "IsInherited": true, "PrincipalSID": "S-1-5-21-2792612951-3153621230-847724886-519", "PrincipalType": "Group"}, {"RightName": "GenericAll", "IsInherited": true, "PrincipalSID": "S-1-5-21-2792612951-3153621230-847724886-1111", "PrincipalType": "User"}, {"RightName": "WriteOwner", "IsInherited": true, "PrincipalSID": "VDT.LOCAL-S-1-5-32-544", "PrincipalType": "Group"}, {"RightName": "WriteDacl", "IsInherited": true, "PrincipalSID": "VDT.LOCAL-S-1-5-32-544", "PrincipalType": "Group"}], "ChildObjects": []},{"ObjectIdentifier": "A6E05C93-2EC2-406B-86AD-26B52F73B93B", "Properties": {"domain": "VDT.LOCAL", "name": "MEETINGS@VDT.LOCAL", "distinguishedname": "CN=MEETINGS,CN=SYSTEM,DC=VDT,DC=LOCAL", "domainsid": "S-1-5-21-2792612951-3153621230-847724886", "highvalue": false, "description": "", "whencreated": 1747850182}, "IsDeleted": false, "IsACLProtected": false, "Aces": [{"RightName": "Owns", "IsInherited": false, "PrincipalSID": "S-1-5-21-2792612951-3153621230-847724886-512", "PrincipalType": "Group"}, {"RightName": "WriteOwner", "IsInherited": false, "PrincipalSID": "S-1-5-21-2792612951-3153621230-847724886-512", "PrincipalType": "Group"}, {"RightName": "WriteDacl", "IsInherited": false, "PrincipalSID": "S-1-5-21-2792612951-3153621230-847724886-512", "PrincipalType": "Group"}, {"RightName": "GenericAll", "IsInherited": true, "PrincipalSID": "S-1-5-21-2792612951-3153621230-847724886-519", "PrincipalType": "Group"}, {"RightName": "GenericAll", "IsInherited": true, "PrincipalSID": "S-1-5-21-2792612951-3153621230-847724886-1111", "PrincipalType": "User"}, {"RightName": "WriteOwner", "IsInherited": true, "PrincipalSID": "VDT.LOCAL-S-1-5-32-544", "PrincipalType": "Group"}, {"RightName": "WriteDacl", "IsInherited": true, "PrincipalSID": "VDT.LOCAL-S-1-5-32-544", "PrincipalType": "Group"}], "ChildObjects": []},{"ObjectIdentifier": "A41AB057-392B-4F8A-8F5C-78FBEF20EA01", "Properties": {"domain": "VDT.LOCAL", "name": "WINSOCKSERVICES@VDT.LOCAL", "distinguishedname": "CN=WINSOCKSERVICES,CN=SYSTEM,DC=VDT,DC=LOCAL", "domainsid": "S-1-5-21-2792612951-3153621230-847724886", "highvalue": false, "description": "", "whencreated": 1747850182}, "IsDeleted": false, "IsACLProtected": false, "Aces": [{"RightName": "Owns", "IsInherited": false, "PrincipalSID": "S-1-5-21-2792612951-3153621230-847724886-512", "PrincipalType": "Group"}, {"RightName": "WriteOwner", "IsInherited": false, "PrincipalSID": "S-1-5-21-2792612951-3153621230-847724886-512", "PrincipalType": "Group"}, {"RightName": "WriteDacl", "IsInherited": false, "PrincipalSID": "S-1-5-21-2792612951-3153621230-847724886-512", "PrincipalType": "Group"}, {"RightName": "GenericAll", "IsInherited": true, "PrincipalSID": "S-1-5-21-2792612951-3153621230-847724886-519", "PrincipalType": "Group"}, {"RightName": "GenericAll", "IsInherited": true, "PrincipalSID": "S-1-5-21-2792612951-3153621230-847724886-1111", "PrincipalType": "User"}, {"RightName": "WriteOwner", "IsInherited": true, "PrincipalSID": "VDT.LOCAL-S-1-5-32-544", "PrincipalType": "Group"}, {"RightName": "WriteDacl", "IsInherited": true, "PrincipalSID": "VDT.LOCAL-S-1-5-32-544", "PrincipalType": "Group"}], "ChildObjects": []},{"ObjectIdentifier": "1C11E572-8246-46C7-BB69-C9A18E45B9E7", "Properties": {"domain": "VDT.LOCAL", "name": "MANAGED SERVICE ACCOUNTS@VDT.LOCAL", "distinguishedname": "CN=MANAGED SERVICE ACCOUNTS,DC=VDT,DC=LOCAL", "domainsid": "S-1-5-21-2792612951-3153621230-847724886", "highvalue": false, "description": "Default container for managed service accounts", "whencreated": 1747850182}, "IsDeleted": false, "IsACLProtected": false, "Aces": [{"RightName": "Owns", "IsInherited": false, "PrincipalSID": "S-1-5-21-2792612951-3153621230-847724886-512", "PrincipalType": "Group"}, {"RightName": "WriteOwner", "IsInherited": false, "PrincipalSID": "S-1-5-21-2792612951-3153621230-847724886-512", "PrincipalType": "Group"}, {"RightName": "WriteDacl", "IsInherited": false, "PrincipalSID": "S-1-5-21-2792612951-3153621230-847724886-512", "PrincipalType": "Group"}, {"RightName": "GenericAll", "IsInherited": true, "PrincipalSID": "S-1-5-21-2792612951-3153621230-847724886-519", "PrincipalType": "Group"}, {"RightName": "GenericAll", "IsInherited": true, "PrincipalSID": "S-1-5-21-2792612951-3153621230-847724886-1111", "PrincipalType": "User"}, {"RightName": "WriteOwner", "IsInherited": true, "PrincipalSID": "VDT.LOCAL-S-1-5-32-544", "PrincipalType": "Group"}, {"RightName": "WriteDacl", "IsInherited": true, "PrincipalSID": "VDT.LOCAL-S-1-5-32-544", "PrincipalType": "Group"}], "ChildObjects": []},{"ObjectIdentifier": "DF1A0A5B-B544-4724-917B-79F9DC3BFA85", "Properties": {"domain": "VDT.LOCAL", "name": "MICROSOFT@VDT.LOCAL", "distinguishedname": "CN=MICROSOFT,CN=PROGRAM DATA,DC=VDT,DC=LOCAL", "domainsid": "S-1-5-21-2792612951-3153621230-847724886", "highvalue": false, "description": "Default location for storage of Microsoft application data.", "whencreated": 1747850182}, "IsDeleted": false, "IsACLProtected": false, "Aces": [{"RightName": "Owns", "IsInherited": false, "PrincipalSID": "S-1-5-21-2792612951-3153621230-847724886-512", "PrincipalType": "Group"}, {"RightName": "GenericAll", "IsInherited": false, "PrincipalSID": "S-1-5-21-2792612951-3153621230-847724886-512", "PrincipalType": "Group"}, {"RightName": "GenericAll", "IsInherited": true, "PrincipalSID": "S-1-5-21-2792612951-3153621230-847724886-519", "PrincipalType": "Group"}, {"RightName": "GenericAll", "IsInherited": true, "PrincipalSID": "S-1-5-21-2792612951-3153621230-847724886-1111", "PrincipalType": "User"}, {"RightName": "WriteOwner", "IsInherited": true, "PrincipalSID": "VDT.LOCAL-S-1-5-32-544", "PrincipalType": "Group"}, {"RightName": "WriteDacl", "IsInherited": true, "PrincipalSID": "VDT.LOCAL-S-1-5-32-544", "PrincipalType": "Group"}], "ChildObjects": []},{"ObjectIdentifier": "4D7947F4-FB1D-4616-ABA8-8379988E733D", "Properties": {"domain": "VDT.LOCAL", "name": "PROGRAM DATA@VDT.LOCAL", "distinguishedname": "CN=PROGRAM DATA,DC=VDT,DC=LOCAL", "domainsid": "S-1-5-21-2792612951-3153621230-847724886", "highvalue": false, "description": "Default location for storage of application data.", "whencreated": 1747850182}, "IsDeleted": false, "IsACLProtected": false, "Aces": [{"RightName": "Owns", "IsInherited": false, "PrincipalSID": "S-1-5-21-2792612951-3153621230-847724886-512", "PrincipalType": "Group"}, {"RightName": "GenericAll", "IsInherited": false, "PrincipalSID": "S-1-5-21-2792612951-3153621230-847724886-512", "PrincipalType": "Group"}, {"RightName": "GenericAll", "IsInherited": true, "PrincipalSID": "S-1-5-21-2792612951-3153621230-847724886-519", "PrincipalType": "Group"}, {"RightName": "GenericAll", "IsInherited": true, "PrincipalSID": "S-1-5-21-2792612951-3153621230-847724886-1111", "PrincipalType": "User"}, {"RightName": "WriteOwner", "IsInherited": true, "PrincipalSID": "VDT.LOCAL-S-1-5-32-544", "PrincipalType": "Group"}, {"RightName": "WriteDacl", "IsInherited": true, "PrincipalSID": "VDT.LOCAL-S-1-5-32-544", "PrincipalType": "Group"}], "ChildObjects": []},{"ObjectIdentifier": "BB2034BF-BB2F-4104-844A-79694116473B", "Properties": {"domain": "VDT.LOCAL", "name": "FOREIGNSECURITYPRINCIPALS@VDT.LOCAL", "distinguishedname": "CN=FOREIGNSECURITYPRINCIPALS,DC=VDT,DC=LOCAL", "domainsid": "S-1-5-21-2792612951-3153621230-847724886", "highvalue": false, "description": "Default container for security identifiers (SIDs) associated with objects from external, trusted domains", "whencreated": 1747850182}, "IsDeleted": false, "IsACLProtected": false, "Aces": [{"RightName": "Owns", "IsInherited": false, "PrincipalSID": "S-1-5-21-2792612951-3153621230-847724886-512", "PrincipalType": "Group"}, {"RightName": "GenericAll", "IsInherited": false, "PrincipalSID": "S-1-5-21-2792612951-3153621230-847724886-512", "PrincipalType": "Group"}, {"RightName": "GenericAll", "IsInherited": true, "PrincipalSID": "S-1-5-21-2792612951-3153621230-847724886-519", "PrincipalType": "Group"}, {"RightName": "GenericAll", "IsInherited": true, "PrincipalSID": "S-1-5-21-2792612951-3153621230-847724886-1111", "PrincipalType": "User"}, {"RightName": "WriteOwner", "IsInherited": true, "PrincipalSID": "VDT.LOCAL-S-1-5-32-544", "PrincipalType": "Group"}, {"RightName": "WriteDacl", "IsInherited": true, "PrincipalSID": "VDT.LOCAL-S-1-5-32-544", "PrincipalType": "Group"}], "ChildObjects": []},{"ObjectIdentifier": "37E92C04-E7BD-4C36-8828-19461DA1525A", "Properties": {"domain": "VDT.LOCAL", "name": "SYSTEM@VDT.LOCAL", "distinguishedname": "CN=SYSTEM,DC=VDT,DC=LOCAL", "domainsid": "S-1-5-21-2792612951-3153621230-847724886", "highvalue": false, "description": "Builtin system settings", "whencreated": 1747850182}, "IsDeleted": false, "IsACLProtected": false, "Aces": [{"RightName": "Owns", "IsInherited": false, "PrincipalSID": "S-1-5-21-2792612951-3153621230-847724886-512", "PrincipalType": "Group"}, {"RightName": "WriteOwner", "IsInherited": false, "PrincipalSID": "S-1-5-21-2792612951-3153621230-847724886-512", "PrincipalType": "Group"}, {"RightName": "WriteDacl", "IsInherited": false, "PrincipalSID": "S-1-5-21-2792612951-3153621230-847724886-512", "PrincipalType": "Group"}, {"RightName": "GenericAll", "IsInherited": true, "PrincipalSID": "S-1-5-21-2792612951-3153621230-847724886-519", "PrincipalType": "Group"}, {"RightName": "GenericAll", "IsInherited": true, "PrincipalSID": "S-1-5-21-2792612951-3153621230-847724886-1111", "PrincipalType": "User"}, {"RightName": "WriteOwner", "IsInherited": true, "PrincipalSID": "VDT.LOCAL-S-1-5-32-544", "PrincipalType": "Group"}, {"RightName": "WriteDacl", "IsInherited": true, "PrincipalSID": "VDT.LOCAL-S-1-5-32-544", "PrincipalType": "Group"}], "ChildObjects": []},{"ObjectIdentifier": "13EE92A9-EC7C-4229-BF89-5FF43EA84BEA", "Properties": {"domain": "VDT.LOCAL", "name": "COMPUTERS@VDT.LOCAL", "distinguishedname": "CN=COMPUTERS,DC=VDT,DC=LOCAL", "domainsid": "S-1-5-21-2792612951-3153621230-847724886", "highvalue": false, "description": "Default container for upgraded computer accounts", "whencreated": 1747850182}, "IsDeleted": false, "IsACLProtected": false, "Aces": [{"RightName": "Owns", "IsInherited": false, "PrincipalSID": "S-1-5-21-2792612951-3153621230-847724886-512", "PrincipalType": "Group"}, {"RightName": "WriteOwner", "IsInherited": false, "PrincipalSID": "S-1-5-21-2792612951-3153621230-847724886-512", "PrincipalType": "Group"}, {"RightName": "WriteDacl", "IsInherited": false, "PrincipalSID": "S-1-5-21-2792612951-3153621230-847724886-512", "PrincipalType": "Group"}, {"RightName": "GenericAll", "IsInherited": true, "PrincipalSID": "S-1-5-21-2792612951-3153621230-847724886-519", "PrincipalType": "Group"}, {"RightName": "GenericAll", "IsInherited": true, "PrincipalSID": "S-1-5-21-2792612951-3153621230-847724886-1111", "PrincipalType": "User"}, {"RightName": "WriteOwner", "IsInherited": true, "PrincipalSID": "VDT.LOCAL-S-1-5-32-544", "PrincipalType": "Group"}, {"RightName": "WriteDacl", "IsInherited": true, "PrincipalSID": "VDT.LOCAL-S-1-5-32-544", "PrincipalType": "Group"}], "ChildObjects": []},{"ObjectIdentifier": "E3D115E7-34C8-49A0-A76B-A5A2AD8BDEFF", "Properties": {"domain": "VDT.LOCAL", "name": "USERS@VDT.LOCAL", "distinguishedname": "CN=USERS,DC=VDT,DC=LOCAL", "domainsid": "S-1-5-21-2792612951-3153621230-847724886", "highvalue": false, "description": "Default container for upgraded user accounts", "whencreated": 1747850182}, "IsDeleted": false, "IsACLProtected": false, "Aces": [{"RightName": "Owns", "IsInherited": false, "PrincipalSID": "S-1-5-21-2792612951-3153621230-847724886-512", "PrincipalType": "Group"}, {"RightName": "WriteOwner", "IsInherited": false, "PrincipalSID": "S-1-5-21-2792612951-3153621230-847724886-512", "PrincipalType": "Group"}, {"RightName": "WriteDacl", "IsInherited": false, "PrincipalSID": "S-1-5-21-2792612951-3153621230-847724886-512", "PrincipalType": "Group"}, {"RightName": "GenericAll", "IsInherited": true, "PrincipalSID": "S-1-5-21-2792612951-3153621230-847724886-519", "PrincipalType": "Group"}, {"RightName": "GenericAll", "IsInherited": true, "PrincipalSID": "S-1-5-21-2792612951-3153621230-847724886-1111", "PrincipalType": "User"}, {"RightName": "WriteOwner", "IsInherited": true, "PrincipalSID": "VDT.LOCAL-S-1-5-32-544", "PrincipalType": "Group"}, {"RightName": "WriteDacl", "IsInherited": true, "PrincipalSID": "VDT.LOCAL-S-1-5-32-544", "PrincipalType": "Group"}], "ChildObjects": [{"ObjectIdentifier": "S-1-5-21-2792612951-3153621230-847724886-1000", "ObjectType": "User"}, {"ObjectIdentifier": "S-1-5-21-2792612951-3153621230-847724886-518", "ObjectType": "Group"}, {"ObjectIdentifier": "S-1-5-21-2792612951-3153621230-847724886-521", "ObjectType": "Group"}, {"ObjectIdentifier": "S-1-5-21-2792612951-3153621230-847724886-553", "ObjectType": "Group"}, {"ObjectIdentifier": "S-1-5-21-2792612951-3153621230-847724886-525", "ObjectType": "Group"}, {"ObjectIdentifier": "S-1-5-21-2792612951-3153621230-847724886-502", "ObjectType": "User"}, {"ObjectIdentifier": "S-1-5-21-2792612951-3153621230-847724886-526", "ObjectType": "Group"}, {"ObjectIdentifier": "S-1-5-21-2792612951-3153621230-847724886-501", "ObjectType": "User"}, {"ObjectIdentifier": "S-1-5-21-2792612951-3153621230-847724886-520", "ObjectType": "Group"}, {"ObjectIdentifier": "S-1-5-21-2792612951-3153621230-847724886-498", "ObjectType": "Group"}, {"ObjectIdentifier": "S-1-5-21-2792612951-3153621230-847724886-527", "ObjectType": "Group"}, {"ObjectIdentifier": "S-1-5-21-2792612951-3153621230-847724886-519", "ObjectType": "Group"}, {"ObjectIdentifier": "S-1-5-21-2792612951-3153621230-847724886-513", "ObjectType": "Group"}, {"ObjectIdentifier": "S-1-5-21-2792612951-3153621230-847724886-514", "ObjectType": "Group"}, {"ObjectIdentifier": "S-1-5-21-2792612951-3153621230-847724886-516", "ObjectType": "Group"}, {"ObjectIdentifier": "S-1-5-21-2792612951-3153621230-847724886-515", "ObjectType": "Group"}, {"ObjectIdentifier": "S-1-5-21-2792612951-3153621230-847724886-512", "ObjectType": "Group"}, {"ObjectIdentifier": "S-1-5-21-2792612951-3153621230-847724886-1103", "ObjectType": "Group"}, {"ObjectIdentifier": "S-1-5-21-2792612951-3153621230-847724886-1102", "ObjectType": "Group"}, {"ObjectIdentifier": "S-1-5-21-2792612951-3153621230-847724886-572", "ObjectType": "Group"}, {"ObjectIdentifier": "S-1-5-21-2792612951-3153621230-847724886-522", "ObjectType": "Group"}, {"ObjectIdentifier": "S-1-5-21-2792612951-3153621230-847724886-517", "ObjectType": "Group"}, {"ObjectIdentifier": "S-1-5-21-2792612951-3153621230-847724886-1108", "ObjectType": "User"}, {"ObjectIdentifier": "S-1-5-21-2792612951-3153621230-847724886-571", "ObjectType": "Group"}, {"ObjectIdentifier": "S-1-5-21-2792612951-3153621230-847724886-500", "ObjectType": "User"}]}],"meta":{"methods":0,"type":"containers","count":21, "version":5}}