{"data":[{"ObjectIdentifier": "F3A74D64-839D-43BB-8331-11CD8A4F7363", "Properties": {"domain": "VDT.LOCAL", "name": "SERVICEACCOUNTS@VDT.LOCAL", "distinguishedname": "OU=SERVICEACCOUNTS,DC=VDT,DC=LOCAL", "domainsid": "S-1-5-21-2792612951-3153621230-847724886", "highvalue": false, "blocksinheritance": false, "description": null, "whencreated": 1747875097}, "IsDeleted": false, "IsACLProtected": false, "Aces": [{"RightName": "Owns", "IsInherited": false, "PrincipalSID": "S-1-5-21-2792612951-3153621230-847724886-1000", "PrincipalType": "User"}, {"RightName": "GenericAll", "IsInherited": false, "PrincipalSID": "S-1-5-21-2792612951-3153621230-847724886-512", "PrincipalType": "Group"}, {"RightName": "GenericAll", "IsInherited": true, "PrincipalSID": "S-1-5-21-2792612951-3153621230-847724886-519", "PrincipalType": "Group"}, {"RightName": "GenericAll", "IsInherited": true, "PrincipalSID": "S-1-5-21-2792612951-3153621230-847724886-1111", "PrincipalType": "User"}, {"RightName": "WriteOwner", "IsInherited": true, "PrincipalSID": "VDT.LOCAL-S-1-5-32-544", "PrincipalType": "Group"}, {"RightName": "WriteDacl", "IsInherited": true, "PrincipalSID": "VDT.LOCAL-S-1-5-32-544", "PrincipalType": "Group"}], "Links": [], "ChildObjects": [{"ObjectIdentifier": "S-1-5-21-2792612951-3153621230-847724886-1111", "ObjectType": "User"}], "GPOChanges": {"AffectedComputers": [], "DcomUsers": [], "LocalAdmins": [], "PSRemoteUsers": [], "RemoteDesktopUsers": []}},{"ObjectIdentifier": "ACA3E13C-7CD6-4542-B965-19FBDF0B6EE1", "Properties": {"domain": "VDT.LOCAL", "name": "DOMAIN CONTROLLERS@VDT.LOCAL", "distinguishedname": "OU=DOMAIN CONTROLLERS,DC=VDT,DC=LOCAL", "domainsid": "S-1-5-21-2792612951-3153621230-847724886", "highvalue": false, "blocksinheritance": false, "description": "Default container for domain controllers", "whencreated": 1747850182}, "IsDeleted": false, "IsACLProtected": false, "Aces": [{"RightName": "Owns", "IsInherited": false, "PrincipalSID": "S-1-5-21-2792612951-3153621230-847724886-512", "PrincipalType": "Group"}, {"RightName": "WriteOwner", "IsInherited": false, "PrincipalSID": "S-1-5-21-2792612951-3153621230-847724886-512", "PrincipalType": "Group"}, {"RightName": "WriteDacl", "IsInherited": false, "PrincipalSID": "S-1-5-21-2792612951-3153621230-847724886-512", "PrincipalType": "Group"}, {"RightName": "GenericAll", "IsInherited": true, "PrincipalSID": "S-1-5-21-2792612951-3153621230-847724886-519", "PrincipalType": "Group"}, {"RightName": "GenericAll", "IsInherited": true, "PrincipalSID": "S-1-5-21-2792612951-3153621230-847724886-1111", "PrincipalType": "User"}, {"RightName": "WriteOwner", "IsInherited": true, "PrincipalSID": "VDT.LOCAL-S-1-5-32-544", "PrincipalType": "Group"}, {"RightName": "WriteDacl", "IsInherited": true, "PrincipalSID": "VDT.LOCAL-S-1-5-32-544", "PrincipalType": "Group"}], "Links": [{"IsEnforced": false, "GUID": "07547BAB-3262-49D7-A797-D8170DA43415"}], "ChildObjects": [{"ObjectIdentifier": "S-1-5-21-2792612951-3153621230-847724886-1001", "ObjectType": "Computer"}], "GPOChanges": {"AffectedComputers": [], "DcomUsers": [], "LocalAdmins": [], "PSRemoteUsers": [], "RemoteDesktopUsers": []}}],"meta":{"methods":0,"type":"ous","count":2, "version":5}}