{"data":[{"ObjectIdentifier": "S-1-5-21-300591061-149275173-2848870365-1108", "AllowedToAct": [{"ObjectIdentifier": "S-1-5-21-300591061-149275173-2848870365-1106", "ObjectType": "User"}], "PrimaryGroupSID": "S-1-5-21-300591061-149275173-2848870365-515", "LocalAdmins": {"Collected": true, "FailureReason": null, "Results": [{"ObjectIdentifier": "S-1-5-21-300591061-149275173-2848870365-512", "ObjectType": "Group"}]}, "PSRemoteUsers": {"Collected": true, "FailureReason": null, "Results": []}, "Properties": {"name": "WS01.VDT.LOCAL", "domainsid": "S-1-5-21-300591061-149275173-2848870365", "domain": "VDT.LOCAL", "distinguishedname": "CN=WS01,CN=COMPUTERS,DC=VDT,DC=LOCAL", "unconstraineddelegation": false, "enabled": true, "trustedtoauth": false, "samaccountname": "WS01$", "haslaps": false, "lastlogon": 1749785620, "lastlogontimestamp": 1749066855, "pwdlastset": 1748191082, "whencreated": 1748191082, "serviceprincipalnames": ["WSMAN/WS01", "WSMAN/WS01.vdt.local", "RestrictedKrbHost/WS01", "HOST/WS01", "RestrictedKrbHost/WS01.vdt.local", "HOST/WS01.vdt.local"], "description": null, "operatingsystem": "Windows 7 Professional Service Pack 1", "operatingsystemname": "Windows 7 Professional", "operatingsystemservicepack": "Service Pack 1", "operatingsystemversion": "6.1 (7601)", "sidhistory": []}, "RemoteDesktopUsers": {"Collected": true, "FailureReason": null, "Results": []}, "DcomUsers": {"Collected": true, "FailureReason": null, "Results": []}, "AllowedToDelegate": [], "Sessions": {"Collected": true, "FailureReason": null, "Results": []}, "PrivilegedSessions": {"Collected": false, "FailureReason": null, "Results": []}, "RegistrySessions": {"Collected": false, "FailureReason": null, "Results": []}, "Aces": [{"RightName": "Owns", "IsInherited": false, "PrincipalSID": "S-1-5-21-300591061-149275173-2848870365-512", "PrincipalType": "Group"}, {"RightName": "GenericAll", "IsInherited": false, "PrincipalSID": "S-1-5-21-300591061-149275173-2848870365-512", "PrincipalType": "Group"}, {"RightName": "GenericWrite", "IsInherited": false, "PrincipalSID": "S-1-5-21-300591061-149275173-2848870365-1106", "PrincipalType": "User"}, {"RightName": "WriteOwner", "IsInherited": false, "PrincipalSID": "S-1-5-21-300591061-149275173-2848870365-1106", "PrincipalType": "User"}, {"RightName": "WriteDacl", "IsInherited": false, "PrincipalSID": "S-1-5-21-300591061-149275173-2848870365-1106", "PrincipalType": "User"}, {"RightName": "GenericAll", "IsInherited": false, "PrincipalSID": "VDT.LOCAL-S-1-5-32-548", "PrincipalType": "Group"}, {"RightName": "AddKeyCredentialLink", "IsInherited": true, "PrincipalSID": "S-1-5-21-300591061-149275173-2848870365-526", "PrincipalType": "Group"}, {"RightName": "AddKeyCredentialLink", "IsInherited": true, "PrincipalSID": "S-1-5-21-300591061-149275173-2848870365-527", "PrincipalType": "Group"}, {"RightName": "GenericAll", "IsInherited": true, "PrincipalSID": "S-1-5-21-300591061-149275173-2848870365-519", "PrincipalType": "Group"}, {"RightName": "GenericWrite", "IsInherited": true, "PrincipalSID": "VDT.LOCAL-S-1-5-32-544", "PrincipalType": "Group"}, {"RightName": "WriteOwner", "IsInherited": true, "PrincipalSID": "VDT.LOCAL-S-1-5-32-544", "PrincipalType": "Group"}, {"RightName": "WriteDacl", "IsInherited": true, "PrincipalSID": "VDT.LOCAL-S-1-5-32-544", "PrincipalType": "Group"}], "HasSIDHistory": [], "IsDeleted": false, "Status": null, "IsACLProtected": false},{"ObjectIdentifier": "S-1-5-21-300591061-149275173-2848870365-1001", "AllowedToAct": [], "PrimaryGroupSID": "S-1-5-21-300591061-149275173-2848870365-516", "LocalAdmins": {"Collected": true, "FailureReason": null, "Results": [{"ObjectIdentifier": "S-1-5-21-300591061-149275173-2848870365-500", "ObjectType": "User"}, {"ObjectIdentifier": "S-1-5-21-300591061-149275173-2848870365-1000", "ObjectType": "User"}, {"ObjectIdentifier": "S-1-5-21-300591061-149275173-2848870365-519", "ObjectType": "Group"}, {"ObjectIdentifier": "S-1-5-21-300591061-149275173-2848870365-512", "ObjectType": "Group"}]}, "PSRemoteUsers": {"Collected": true, "FailureReason": null, "Results": [{"ObjectIdentifier": "S-1-5-21-300591061-149275173-2848870365-512", "ObjectType": "Group"}, {"ObjectIdentifier": "S-1-5-21-300591061-149275173-2848870365-1112", "ObjectType": "Group"}]}, "Properties": {"name": "DC01.VDT.LOCAL", "domainsid": "S-1-5-21-300591061-149275173-2848870365", "domain": "VDT.LOCAL", "distinguishedname": "CN=DC01,OU=DOMAIN CONTROLLERS,DC=VDT,DC=LOCAL", "unconstraineddelegation": true, "enabled": true, "trustedtoauth": false, "samaccountname": "DC01$", "haslaps": false, "lastlogon": 1749784469, "lastlogontimestamp": 1749309892, "pwdlastset": 1748190146, "whencreated": 1748190130, "serviceprincipalnames": ["TERMSRV/DC01", "TERMSRV/DC01.vdt.local", "Dfsr-12F9A27C-BF97-4787-9364-D31B6C55EB04/DC01.vdt.local", "ldap/DC01.vdt.local/ForestDnsZones.vdt.local", "ldap/DC01.vdt.local/DomainDnsZones.vdt.local", "DNS/DC01.vdt.local", "GC/DC01.vdt.local/vdt.local", "RestrictedKrbHost/DC01.vdt.local", "RestrictedKrbHost/DC01", "RPC/de04c07c-97cb-414c-b1c5-f118edf37179._msdcs.vdt.local", "HOST/DC01/VDT", "HOST/DC01.vdt.local/VDT", "HOST/DC01", "HOST/DC01.vdt.local", "HOST/DC01.vdt.local/vdt.local", "E3514235-4B06-11D1-AB04-00C04FC2DCD2/de04c07c-97cb-414c-b1c5-f118edf37179/vdt.local", "ldap/DC01/VDT", "ldap/de04c07c-97cb-414c-b1c5-f118edf37179._msdcs.vdt.local", "ldap/DC01.vdt.local/VDT", "ldap/DC01", "ldap/DC01.vdt.local", "ldap/DC01.vdt.local/vdt.local"], "description": null, "operatingsystem": "Windows Server 2019 Standard", "operatingsystemname": "Windows Server 2019 Standard", "operatingsystemservicepack": null, "operatingsystemversion": "10.0 (17763)", "sidhistory": []}, "RemoteDesktopUsers": {"Collected": true, "FailureReason": null, "Results": []}, "DcomUsers": {"Collected": true, "FailureReason": null, "Results": []}, "AllowedToDelegate": [], "Sessions": {"Collected": true, "FailureReason": null, "Results": []}, "PrivilegedSessions": {"Collected": false, "FailureReason": null, "Results": []}, "RegistrySessions": {"Collected": false, "FailureReason": null, "Results": []}, "Aces": [{"RightName": "Owns", "IsInherited": false, "PrincipalSID": "S-1-5-21-300591061-149275173-2848870365-512", "PrincipalType": "Group"}, {"RightName": "GenericAll", "IsInherited": false, "PrincipalSID": "S-1-5-21-300591061-149275173-2848870365-512", "PrincipalType": "Group"}, {"RightName": "AddKeyCredentialLink", "IsInherited": true, "PrincipalSID": "S-1-5-21-300591061-149275173-2848870365-526", "PrincipalType": "Group"}, {"RightName": "AddKeyCredentialLink", "IsInherited": true, "PrincipalSID": "S-1-5-21-300591061-149275173-2848870365-527", "PrincipalType": "Group"}, {"RightName": "GenericAll", "IsInherited": true, "PrincipalSID": "S-1-5-21-300591061-149275173-2848870365-519", "PrincipalType": "Group"}, {"RightName": "GenericWrite", "IsInherited": true, "PrincipalSID": "VDT.LOCAL-S-1-5-32-544", "PrincipalType": "Group"}, {"RightName": "WriteOwner", "IsInherited": true, "PrincipalSID": "VDT.LOCAL-S-1-5-32-544", "PrincipalType": "Group"}, {"RightName": "WriteDacl", "IsInherited": true, "PrincipalSID": "VDT.LOCAL-S-1-5-32-544", "PrincipalType": "Group"}], "HasSIDHistory": [], "IsDeleted": false, "Status": null, "IsACLProtected": false},{"ObjectIdentifier": "S-1-5-21-300591061-149275173-2848870365-1109", "AllowedToAct": [], "PrimaryGroupSID": "S-1-5-21-300591061-149275173-2848870365-515", "LocalAdmins": {"Collected": false, "FailureReason": null, "Results": []}, "PSRemoteUsers": {"Collected": false, "FailureReason": null, "Results": []}, "Properties": {"name": "LX01", "domainsid": "S-1-5-21-300591061-149275173-2848870365", "domain": "VDT.LOCAL", "distinguishedname": "CN=LX01,CN=COMPUTERS,DC=VDT,DC=LOCAL", "unconstraineddelegation": false, "enabled": true, "trustedtoauth": false, "samaccountname": "LX01$", "haslaps": false, "lastlogon": 1748440131, "lastlogontimestamp": 1748192978, "pwdlastset": 1748192978, "whencreated": 1748192978, "serviceprincipalnames": ["RestrictedKrbHost/LX01", "host/LX01"], "description": null, "operatingsystem": "pc-linux-gnu", "operatingsystemname": "pc-linux-gnu", "operatingsystemservicepack": null, "operatingsystemversion": null, "sidhistory": []}, "RemoteDesktopUsers": {"Collected": false, "FailureReason": null, "Results": []}, "DcomUsers": {"Collected": false, "FailureReason": null, "Results": []}, "AllowedToDelegate": [], "Sessions": {"Collected": false, "FailureReason": null, "Results": []}, "PrivilegedSessions": {"Collected": false, "FailureReason": null, "Results": []}, "RegistrySessions": {"Collected": false, "FailureReason": null, "Results": []}, "Aces": [{"RightName": "Owns", "IsInherited": false, "PrincipalSID": "S-1-5-21-300591061-149275173-2848870365-512", "PrincipalType": "Group"}, {"RightName": "GenericAll", "IsInherited": false, "PrincipalSID": "S-1-5-21-300591061-149275173-2848870365-512", "PrincipalType": "Group"}, {"RightName": "GenericAll", "IsInherited": false, "PrincipalSID": "VDT.LOCAL-S-1-5-32-548", "PrincipalType": "Group"}, {"RightName": "AddKeyCredentialLink", "IsInherited": true, "PrincipalSID": "S-1-5-21-300591061-149275173-2848870365-526", "PrincipalType": "Group"}, {"RightName": "AddKeyCredentialLink", "IsInherited": true, "PrincipalSID": "S-1-5-21-300591061-149275173-2848870365-527", "PrincipalType": "Group"}, {"RightName": "GenericAll", "IsInherited": true, "PrincipalSID": "S-1-5-21-300591061-149275173-2848870365-519", "PrincipalType": "Group"}, {"RightName": "GenericWrite", "IsInherited": true, "PrincipalSID": "VDT.LOCAL-S-1-5-32-544", "PrincipalType": "Group"}, {"RightName": "WriteOwner", "IsInherited": true, "PrincipalSID": "VDT.LOCAL-S-1-5-32-544", "PrincipalType": "Group"}, {"RightName": "WriteDacl", "IsInherited": true, "PrincipalSID": "VDT.LOCAL-S-1-5-32-544", "PrincipalType": "Group"}], "HasSIDHistory": [], "IsDeleted": false, "Status": null, "IsACLProtected": false},{"ObjectIdentifier": "S-1-5-21-300591061-149275173-2848870365-1107", "AllowedToAct": [], "PrimaryGroupSID": "S-1-5-21-300591061-149275173-2848870365-515", "LocalAdmins": {"Collected": false, "FailureReason": null, "Results": []}, "PSRemoteUsers": {"Collected": false, "FailureReason": null, "Results": []}, "Properties": {"name": "SRV01.VDT.LOCAL", "domainsid": "S-1-5-21-300591061-149275173-2848870365", "domain": "VDT.LOCAL", "distinguishedname": "CN=SRV01,CN=COMPUTERS,DC=VDT,DC=LOCAL", "unconstraineddelegation": false, "enabled": true, "trustedtoauth": false, "samaccountname": "SRV01$", "haslaps": false, "lastlogon": 1748439411, "lastlogontimestamp": 1748190976, "pwdlastset": 1748190933, "whencreated": 1748190933, "serviceprincipalnames": ["WSMAN/SRV01", "WSMAN/SRV01.vdt.local", "RestrictedKrbHost/SRV01", "HOST/SRV01", "RestrictedKrbHost/SRV01.vdt.local", "HOST/SRV01.vdt.local"], "description": null, "operatingsystem": "Windows Server 2019 Standard", "operatingsystemname": "Windows Server 2019 Standard", "operatingsystemservicepack": null, "operatingsystemversion": "10.0 (17763)", "sidhistory": []}, "RemoteDesktopUsers": {"Collected": false, "FailureReason": null, "Results": []}, "DcomUsers": {"Collected": false, "FailureReason": null, "Results": []}, "AllowedToDelegate": [], "Sessions": {"Collected": false, "FailureReason": null, "Results": []}, "PrivilegedSessions": {"Collected": false, "FailureReason": null, "Results": []}, "RegistrySessions": {"Collected": false, "FailureReason": null, "Results": []}, "Aces": [{"RightName": "Owns", "IsInherited": false, "PrincipalSID": "S-1-5-21-300591061-149275173-2848870365-512", "PrincipalType": "Group"}, {"RightName": "GenericAll", "IsInherited": false, "PrincipalSID": "S-1-5-21-300591061-149275173-2848870365-512", "PrincipalType": "Group"}, {"RightName": "GenericAll", "IsInherited": false, "PrincipalSID": "VDT.LOCAL-S-1-5-32-548", "PrincipalType": "Group"}, {"RightName": "AddKeyCredentialLink", "IsInherited": true, "PrincipalSID": "S-1-5-21-300591061-149275173-2848870365-526", "PrincipalType": "Group"}, {"RightName": "AddKeyCredentialLink", "IsInherited": true, "PrincipalSID": "S-1-5-21-300591061-149275173-2848870365-527", "PrincipalType": "Group"}, {"RightName": "GenericAll", "IsInherited": true, "PrincipalSID": "S-1-5-21-300591061-149275173-2848870365-519", "PrincipalType": "Group"}, {"RightName": "GenericWrite", "IsInherited": true, "PrincipalSID": "VDT.LOCAL-S-1-5-32-544", "PrincipalType": "Group"}, {"RightName": "WriteOwner", "IsInherited": true, "PrincipalSID": "VDT.LOCAL-S-1-5-32-544", "PrincipalType": "Group"}, {"RightName": "WriteDacl", "IsInherited": true, "PrincipalSID": "VDT.LOCAL-S-1-5-32-544", "PrincipalType": "Group"}], "HasSIDHistory": [], "IsDeleted": false, "Status": null, "IsACLProtected": false}],"meta":{"methods":0,"type":"computers","count":4, "version":5}}