{"data": [{"ObjectIdentifier": "S-1-5-21-300591061-149275173-2848870365", "Properties": {"name": "VDT.LOCAL", "domain": "VDT.LOCAL", "domainsid": "S-1-5-21-300591061-149275173-2848870365", "distinguishedname": "DC=VDT,DC=LOCAL", "description": "", "functionallevel": "2016", "highvalue": true, "whencreated": 1748190070}, "Trusts": [], "Aces": [{"RightName": "Owns", "IsInherited": false, "PrincipalSID": "VDT.LOCAL-S-1-5-32-544", "PrincipalType": "Group"}, {"RightName": "GetChanges", "IsInherited": false, "PrincipalSID": "S-1-5-21-300591061-149275173-2848870365-498", "PrincipalType": "Group"}, {"RightName": "GetChangesAll", "IsInherited": false, "PrincipalSID": "S-1-5-21-300591061-149275173-2848870365-516", "PrincipalType": "Group"}, {"RightName": "GetChangesInFilteredSet", "IsInherited": false, "PrincipalSID": "VDT.LOCAL-S-1-5-32-544", "PrincipalType": "Group"}, {"RightName": "GetChanges", "IsInherited": false, "PrincipalSID": "VDT.LOCAL-S-1-5-32-544", "PrincipalType": "Group"}, {"RightName": "GetChangesAll", "IsInherited": false, "PrincipalSID": "VDT.LOCAL-S-1-5-32-544", "PrincipalType": "Group"}, {"RightName": "GetChangesInFilteredSet", "IsInherited": false, "PrincipalSID": "VDT.LOCAL-S-1-5-9", "PrincipalType": "Group"}, {"RightName": "GetChanges", "IsInherited": false, "PrincipalSID": "VDT.LOCAL-S-1-5-9", "PrincipalType": "Group"}, {"RightName": "WriteOwner", "IsInherited": false, "PrincipalSID": "S-1-5-21-300591061-149275173-2848870365-512", "PrincipalType": "Group"}, {"RightName": "AllExtendedRights", "IsInherited": false, "PrincipalSID": "S-1-5-21-300591061-149275173-2848870365-512", "PrincipalType": "Group"}, {"RightName": "WriteDacl", "IsInherited": false, "PrincipalSID": "S-1-5-21-300591061-149275173-2848870365-512", "PrincipalType": "Group"}, {"RightName": "GenericAll", "IsInherited": false, "PrincipalSID": "S-1-5-21-300591061-149275173-2848870365-519", "PrincipalType": "Group"}, {"RightName": "WriteOwner", "IsInherited": false, "PrincipalSID": "VDT.LOCAL-S-1-5-32-544", "PrincipalType": "Group"}, {"RightName": "AllExtendedRights", "IsInherited": false, "PrincipalSID": "VDT.LOCAL-S-1-5-32-544", "PrincipalType": "Group"}, {"RightName": "WriteDacl", "IsInherited": false, "PrincipalSID": "VDT.LOCAL-S-1-5-32-544", "PrincipalType": "Group"}], "Links": [{"IsEnforced": false, "GUID": "5C7DD517-96A5-405A-AEA2-B225E3CE0CF5"}, {"IsEnforced": false, "GUID": "9439BE92-CFEB-49EC-83DF-919A39A9F949"}], "ChildObjects": [{"ObjectIdentifier": "S-1-5-21-300591061-149275173-2848870365-1112", "ObjectType": "Group"}, {"ObjectIdentifier": "B2FA68CF-44D8-4A7B-8297-294D63DA1E1A", "ObjectType": "Container"}, {"ObjectIdentifier": "7D81C39F-B9E1-4340-A12C-8FB9CC532F98", "ObjectType": "OU"}, {"ObjectIdentifier": "33FF1E60-DFC3-474A-B62D-573A033FA970", "ObjectType": "OU"}, {"ObjectIdentifier": "C0810CE1-7A16-40A5-9B26-A54ABAA3A6C8", "ObjectType": "OU"}, {"ObjectIdentifier": "8070D177-8FDE-41BF-9ED6-48BA9F5448EC", "ObjectType": "OU"}, {"ObjectIdentifier": "A0518712-F0F3-4BF2-90D0-63366F0E4914", "ObjectType": "OU"}, {"ObjectIdentifier": "42FD99E7-4FF2-4885-82D6-59E35B0EE7BC", "ObjectType": "OU"}, {"ObjectIdentifier": "DEC9A1B3-407C-4DD3-B72C-3AE0FE59FC3A", "ObjectType": "OU"}, {"ObjectIdentifier": "9E443B96-374F-4D45-A105-6DCAECEB22DF", "ObjectType": "OU"}, {"ObjectIdentifier": "741678DC-7964-4C3C-90D2-B8A4FB86E90D", "ObjectType": "OU"}, {"ObjectIdentifier": "C2B91CF3-9630-425B-8238-834EAE90691C", "ObjectType": "OU"}, {"ObjectIdentifier": "2A28D535-5186-4165-A85D-55F542A3426D", "ObjectType": "Container"}, {"ObjectIdentifier": "603487C4-341A-467C-BAD1-276BF33921A6", "ObjectType": "OU"}, {"ObjectIdentifier": "A3FD7CCB-C9F6-4BB3-A568-52FAB25313B7", "ObjectType": "OU"}, {"ObjectIdentifier": "FEF5ACE9-BE7B-4E13-BE04-8F955822845D", "ObjectType": "OU"}, {"ObjectIdentifier": "DC0A5745-294E-4AF1-920B-30B1A88FBB78", "ObjectType": "OU"}, {"ObjectIdentifier": "39F7EB71-4807-4454-9A66-5CB6EABCF3B3", "ObjectType": "OU"}, {"ObjectIdentifier": "03693315-18AA-490B-B196-EB2212C3F439", "ObjectType": "Container"}, {"ObjectIdentifier": "9138635B-683D-4863-93DE-A389A8912F7C", "ObjectType": "OU"}, {"ObjectIdentifier": "E40CAEBE-2899-46D0-8289-99FBB84378FA", "ObjectType": "OU"}, {"ObjectIdentifier": "85601806-89A5-4F67-9E07-33C00BCB0245", "ObjectType": "OU"}, {"ObjectIdentifier": "B47F3020-E413-4F9D-B8FF-1962228F8AF8", "ObjectType": "OU"}, {"ObjectIdentifier": "6653585C-08A4-47AB-923D-9A1BD19D589C", "ObjectType": "OU"}, {"ObjectIdentifier": "4EC00736-9CE2-4A06-82E7-D5E8D55DED11", "ObjectType": "Container"}], "GPOChanges": {"AffectedComputers": [], "DcomUsers": [], "LocalAdmins": [], "PSRemoteUsers": [], "RemoteDesktopUsers": []}, "IsDeleted": false, "IsACLProtected": false}], "meta": {"type": "domains", "count": 1, "version": 5}}