{"data":[{"ObjectIdentifier": "152BA8E9-8DB4-4993-94AE-AE229F99F551", "Properties": {"domain": "VDT.LOCAL", "name": "WMIGPO@VDT.LOCAL", "distinguishedname": "CN=WMIGPO,CN=WMIPOLICY,CN=SYSTEM,DC=VDT,DC=LOCAL", "domainsid": "S-1-5-21-300591061-149275173-2848870365", "highvalue": false, "description": "", "whencreated": 1748190075}, "IsDeleted": false, "IsACLProtected": false, "Aces": [{"RightName": "Owns", "IsInherited": false, "PrincipalSID": "S-1-5-21-300591061-149275173-2848870365-512", "PrincipalType": "Group"}, {"RightName": "WriteOwner", "IsInherited": false, "PrincipalSID": "S-1-5-21-300591061-149275173-2848870365-512", "PrincipalType": "Group"}, {"RightName": "WriteDacl", "IsInherited": false, "PrincipalSID": "S-1-5-21-300591061-149275173-2848870365-512", "PrincipalType": "Group"}, {"RightName": "GenericAll", "IsInherited": true, "PrincipalSID": "S-1-5-21-300591061-149275173-2848870365-519", "PrincipalType": "Group"}, {"RightName": "GenericAll", "IsInherited": true, "PrincipalSID": "S-1-5-21-300591061-149275173-2848870365-512", "PrincipalType": "Group"}], "ChildObjects": []},{"ObjectIdentifier": "39125FB5-E3FA-4F66-82BC-E71E7240A9A5", "Properties": {"domain": "VDT.LOCAL", "name": "POLICYTYPE@VDT.LOCAL", "distinguishedname": "CN=POLICYTYPE,CN=WMIPOLICY,CN=SYSTEM,DC=VDT,DC=LOCAL", "domainsid": "S-1-5-21-300591061-149275173-2848870365", "highvalue": false, "description": "", "whencreated": 1748190075}, "IsDeleted": false, "IsACLProtected": false, "Aces": [{"RightName": "Owns", "IsInherited": false, "PrincipalSID": "S-1-5-21-300591061-149275173-2848870365-512", "PrincipalType": "Group"}, {"RightName": "WriteOwner", "IsInherited": false, "PrincipalSID": "S-1-5-21-300591061-149275173-2848870365-512", "PrincipalType": "Group"}, {"RightName": "WriteDacl", "IsInherited": false, "PrincipalSID": "S-1-5-21-300591061-149275173-2848870365-512", "PrincipalType": "Group"}, {"RightName": "GenericAll", "IsInherited": true, "PrincipalSID": "S-1-5-21-300591061-149275173-2848870365-519", "PrincipalType": "Group"}, {"RightName": "GenericAll", "IsInherited": true, "PrincipalSID": "S-1-5-21-300591061-149275173-2848870365-512", "PrincipalType": "Group"}], "ChildObjects": []},{"ObjectIdentifier": "BA01D4F6-2AA1-4F71-B20B-F2EAE613A015", "Properties": {"domain": "VDT.LOCAL", "name": "SOM@VDT.LOCAL", "distinguishedname": "CN=SOM,CN=WMIPOLICY,CN=SYSTEM,DC=VDT,DC=LOCAL", "domainsid": "S-1-5-21-300591061-149275173-2848870365", "highvalue": false, "description": "", "whencreated": 1748190075}, "IsDeleted": false, "IsACLProtected": true, "Aces": [{"RightName": "Owns", "IsInherited": false, "PrincipalSID": "S-1-5-21-300591061-149275173-2848870365-512", "PrincipalType": "Group"}, {"RightName": "GenericAll", "IsInherited": false, "PrincipalSID": "S-1-5-21-300591061-149275173-2848870365-512", "PrincipalType": "Group"}, {"RightName": "GenericAll", "IsInherited": false, "PrincipalSID": "S-1-5-21-300591061-149275173-2848870365-519", "PrincipalType": "Group"}], "ChildObjects": []},{"ObjectIdentifier": "D8F4BD11-C466-4565-BBE7-C7BA7CC13A3A", "Properties": {"domain": "VDT.LOCAL", "name": "POLICYTEMPLATE@VDT.LOCAL", "distinguishedname": "CN=POLICYTEMPLATE,CN=WMIPOLICY,CN=SYSTEM,DC=VDT,DC=LOCAL", "domainsid": "S-1-5-21-300591061-149275173-2848870365", "highvalue": false, "description": "", "whencreated": 1748190075}, "IsDeleted": false, "IsACLProtected": false, "Aces": [{"RightName": "Owns", "IsInherited": false, "PrincipalSID": "S-1-5-21-300591061-149275173-2848870365-512", "PrincipalType": "Group"}, {"RightName": "WriteOwner", "IsInherited": false, "PrincipalSID": "S-1-5-21-300591061-149275173-2848870365-512", "PrincipalType": "Group"}, {"RightName": "WriteDacl", "IsInherited": false, "PrincipalSID": "S-1-5-21-300591061-149275173-2848870365-512", "PrincipalType": "Group"}, {"RightName": "GenericAll", "IsInherited": true, "PrincipalSID": "S-1-5-21-300591061-149275173-2848870365-519", "PrincipalType": "Group"}, {"RightName": "GenericAll", "IsInherited": true, "PrincipalSID": "S-1-5-21-300591061-149275173-2848870365-512", "PrincipalType": "Group"}], "ChildObjects": []},{"ObjectIdentifier": "D97EB3D1-824B-4484-B387-678A77712311", "Properties": {"domain": "VDT.LOCAL", "name": "WMIPOLICY@VDT.LOCAL", "distinguishedname": "CN=WMIPOLICY,CN=SYSTEM,DC=VDT,DC=LOCAL", "domainsid": "S-1-5-21-300591061-149275173-2848870365", "highvalue": false, "description": "", "whencreated": 1748190075}, "IsDeleted": false, "IsACLProtected": true, "Aces": [{"RightName": "Owns", "IsInherited": false, "PrincipalSID": "S-1-5-21-300591061-149275173-2848870365-512", "PrincipalType": "Group"}, {"RightName": "GenericAll", "IsInherited": false, "PrincipalSID": "S-1-5-21-300591061-149275173-2848870365-519", "PrincipalType": "Group"}, {"RightName": "GenericAll", "IsInherited": false, "PrincipalSID": "S-1-5-21-300591061-149275173-2848870365-512", "PrincipalType": "Group"}], "ChildObjects": []},{"ObjectIdentifier": "E39CD214-96EF-46BE-9388-6D8AB8E41066", "Properties": {"domain": "VDT.LOCAL", "name": "COMPARTITIONSETS@VDT.LOCAL", "distinguishedname": "CN=COMPARTITIONSETS,CN=SYSTEM,DC=VDT,DC=LOCAL", "domainsid": "S-1-5-21-300591061-149275173-2848870365", "highvalue": false, "description": "", "whencreated": 1748190075}, "IsDeleted": false, "IsACLProtected": false, "Aces": [{"RightName": "Owns", "IsInherited": false, "PrincipalSID": "S-1-5-21-300591061-149275173-2848870365-512", "PrincipalType": "Group"}, {"RightName": "WriteOwner", "IsInherited": false, "PrincipalSID": "S-1-5-21-300591061-149275173-2848870365-512", "PrincipalType": "Group"}, {"RightName": "WriteDacl", "IsInherited": false, "PrincipalSID": "S-1-5-21-300591061-149275173-2848870365-512", "PrincipalType": "Group"}, {"RightName": "GenericAll", "IsInherited": true, "PrincipalSID": "S-1-5-21-300591061-149275173-2848870365-519", "PrincipalType": "Group"}, {"RightName": "WriteOwner", "IsInherited": true, "PrincipalSID": "VDT.LOCAL-S-1-5-32-544", "PrincipalType": "Group"}, {"RightName": "WriteDacl", "IsInherited": true, "PrincipalSID": "VDT.LOCAL-S-1-5-32-544", "PrincipalType": "Group"}], "ChildObjects": []},{"ObjectIdentifier": "3FBCEDAB-B59C-482D-A915-12349246604B", "Properties": {"domain": "VDT.LOCAL", "name": "COMPARTITIONS@VDT.LOCAL", "distinguishedname": "CN=COMPARTITIONS,CN=SYSTEM,DC=VDT,DC=LOCAL", "domainsid": "S-1-5-21-300591061-149275173-2848870365", "highvalue": false, "description": "", "whencreated": 1748190075}, "IsDeleted": false, "IsACLProtected": false, "Aces": [{"RightName": "Owns", "IsInherited": false, "PrincipalSID": "S-1-5-21-300591061-149275173-2848870365-512", "PrincipalType": "Group"}, {"RightName": "WriteOwner", "IsInherited": false, "PrincipalSID": "S-1-5-21-300591061-149275173-2848870365-512", "PrincipalType": "Group"}, {"RightName": "WriteDacl", "IsInherited": false, "PrincipalSID": "S-1-5-21-300591061-149275173-2848870365-512", "PrincipalType": "Group"}, {"RightName": "GenericAll", "IsInherited": true, "PrincipalSID": "S-1-5-21-300591061-149275173-2848870365-519", "PrincipalType": "Group"}, {"RightName": "WriteOwner", "IsInherited": true, "PrincipalSID": "VDT.LOCAL-S-1-5-32-544", "PrincipalType": "Group"}, {"RightName": "WriteDacl", "IsInherited": true, "PrincipalSID": "VDT.LOCAL-S-1-5-32-544", "PrincipalType": "Group"}], "ChildObjects": []},{"ObjectIdentifier": "779565F5-DEBC-43FB-B177-E61D5EAE926A", "Properties": {"domain": "VDT.LOCAL", "name": "ADMINSDHOLDER@VDT.LOCAL", "distinguishedname": "CN=ADMINSDHOLDER,CN=SYSTEM,DC=VDT,DC=LOCAL", "domainsid": "S-1-5-21-300591061-149275173-2848870365", "highvalue": false, "description": "", "whencreated": 1748190075}, "IsDeleted": false, "IsACLProtected": true, "Aces": [{"RightName": "Owns", "IsInherited": false, "PrincipalSID": "S-1-5-21-300591061-149275173-2848870365-512", "PrincipalType": "Group"}, {"RightName": "WriteOwner", "IsInherited": false, "PrincipalSID": "S-1-5-21-300591061-149275173-2848870365-512", "PrincipalType": "Group"}, {"RightName": "WriteDacl", "IsInherited": false, "PrincipalSID": "S-1-5-21-300591061-149275173-2848870365-512", "PrincipalType": "Group"}, {"RightName": "WriteOwner", "IsInherited": false, "PrincipalSID": "S-1-5-21-300591061-149275173-2848870365-519", "PrincipalType": "Group"}, {"RightName": "WriteDacl", "IsInherited": false, "PrincipalSID": "S-1-5-21-300591061-149275173-2848870365-519", "PrincipalType": "Group"}, {"RightName": "WriteOwner", "IsInherited": false, "PrincipalSID": "VDT.LOCAL-S-1-5-32-544", "PrincipalType": "Group"}, {"RightName": "WriteDacl", "IsInherited": false, "PrincipalSID": "VDT.LOCAL-S-1-5-32-544", "PrincipalType": "Group"}], "ChildObjects": []},{"ObjectIdentifier": "99CFE7B5-5F26-4447-AC00-8525E03D1F79", "Properties": {"domain": "VDT.LOCAL", "name": "RAS AND IAS SERVERS ACCESS CHECK@VDT.LOCAL", "distinguishedname": "CN=RAS AND IAS SERVERS ACCESS CHECK,CN=SYSTEM,DC=VDT,DC=LOCAL", "domainsid": "S-1-5-21-300591061-149275173-2848870365", "highvalue": false, "description": "", "whencreated": 1748190075}, "IsDeleted": false, "IsACLProtected": false, "Aces": [{"RightName": "Owns", "IsInherited": false, "PrincipalSID": "S-1-5-21-300591061-149275173-2848870365-512", "PrincipalType": "Group"}, {"RightName": "WriteOwner", "IsInherited": false, "PrincipalSID": "S-1-5-21-300591061-149275173-2848870365-553", "PrincipalType": "Group"}, {"RightName": "WriteDacl", "IsInherited": false, "PrincipalSID": "S-1-5-21-300591061-149275173-2848870365-553", "PrincipalType": "Group"}, {"RightName": "GenericAll", "IsInherited": true, "PrincipalSID": "S-1-5-21-300591061-149275173-2848870365-519", "PrincipalType": "Group"}, {"RightName": "WriteOwner", "IsInherited": true, "PrincipalSID": "VDT.LOCAL-S-1-5-32-544", "PrincipalType": "Group"}, {"RightName": "WriteDacl", "IsInherited": true, "PrincipalSID": "VDT.LOCAL-S-1-5-32-544", "PrincipalType": "Group"}], "ChildObjects": []},{"ObjectIdentifier": "9812C0F0-4784-433C-BE7C-DC991A0FDA8F", "Properties": {"domain": "VDT.LOCAL", "name": "POLICIES@VDT.LOCAL", "distinguishedname": "CN=POLICIES,CN=SYSTEM,DC=VDT,DC=LOCAL", "domainsid": "S-1-5-21-300591061-149275173-2848870365", "highvalue": false, "description": "", "whencreated": 1748190075}, "IsDeleted": false, "IsACLProtected": false, "Aces": [{"RightName": "Owns", "IsInherited": false, "PrincipalSID": "S-1-5-21-300591061-149275173-2848870365-512", "PrincipalType": "Group"}, {"RightName": "WriteOwner", "IsInherited": false, "PrincipalSID": "S-1-5-21-300591061-149275173-2848870365-512", "PrincipalType": "Group"}, {"RightName": "WriteDacl", "IsInherited": false, "PrincipalSID": "S-1-5-21-300591061-149275173-2848870365-512", "PrincipalType": "Group"}, {"RightName": "GenericAll", "IsInherited": true, "PrincipalSID": "S-1-5-21-300591061-149275173-2848870365-519", "PrincipalType": "Group"}, {"RightName": "WriteOwner", "IsInherited": true, "PrincipalSID": "VDT.LOCAL-S-1-5-32-544", "PrincipalType": "Group"}, {"RightName": "WriteDacl", "IsInherited": true, "PrincipalSID": "VDT.LOCAL-S-1-5-32-544", "PrincipalType": "Group"}], "ChildObjects": []},{"ObjectIdentifier": "5C91E2C9-9C87-4A5F-AF04-227E3093B9B6", "Properties": {"domain": "VDT.LOCAL", "name": "MEETINGS@VDT.LOCAL", "distinguishedname": "CN=MEETINGS,CN=SYSTEM,DC=VDT,DC=LOCAL", "domainsid": "S-1-5-21-300591061-149275173-2848870365", "highvalue": false, "description": "", "whencreated": 1748190075}, "IsDeleted": false, "IsACLProtected": false, "Aces": [{"RightName": "Owns", "IsInherited": false, "PrincipalSID": "S-1-5-21-300591061-149275173-2848870365-512", "PrincipalType": "Group"}, {"RightName": "WriteOwner", "IsInherited": false, "PrincipalSID": "S-1-5-21-300591061-149275173-2848870365-512", "PrincipalType": "Group"}, {"RightName": "WriteDacl", "IsInherited": false, "PrincipalSID": "S-1-5-21-300591061-149275173-2848870365-512", "PrincipalType": "Group"}, {"RightName": "GenericAll", "IsInherited": true, "PrincipalSID": "S-1-5-21-300591061-149275173-2848870365-519", "PrincipalType": "Group"}, {"RightName": "WriteOwner", "IsInherited": true, "PrincipalSID": "VDT.LOCAL-S-1-5-32-544", "PrincipalType": "Group"}, {"RightName": "WriteDacl", "IsInherited": true, "PrincipalSID": "VDT.LOCAL-S-1-5-32-544", "PrincipalType": "Group"}], "ChildObjects": []},{"ObjectIdentifier": "377A3B67-191B-4F5B-8F08-7AA0FD4EAF0D", "Properties": {"domain": "VDT.LOCAL", "name": "WINSOCKSERVICES@VDT.LOCAL", "distinguishedname": "CN=WINSOCKSERVICES,CN=SYSTEM,DC=VDT,DC=LOCAL", "domainsid": "S-1-5-21-300591061-149275173-2848870365", "highvalue": false, "description": "", "whencreated": 1748190075}, "IsDeleted": false, "IsACLProtected": false, "Aces": [{"RightName": "Owns", "IsInherited": false, "PrincipalSID": "S-1-5-21-300591061-149275173-2848870365-512", "PrincipalType": "Group"}, {"RightName": "WriteOwner", "IsInherited": false, "PrincipalSID": "S-1-5-21-300591061-149275173-2848870365-512", "PrincipalType": "Group"}, {"RightName": "WriteDacl", "IsInherited": false, "PrincipalSID": "S-1-5-21-300591061-149275173-2848870365-512", "PrincipalType": "Group"}, {"RightName": "GenericAll", "IsInherited": true, "PrincipalSID": "S-1-5-21-300591061-149275173-2848870365-519", "PrincipalType": "Group"}, {"RightName": "WriteOwner", "IsInherited": true, "PrincipalSID": "VDT.LOCAL-S-1-5-32-544", "PrincipalType": "Group"}, {"RightName": "WriteDacl", "IsInherited": true, "PrincipalSID": "VDT.LOCAL-S-1-5-32-544", "PrincipalType": "Group"}], "ChildObjects": []},{"ObjectIdentifier": "2A28D535-5186-4165-A85D-55F542A3426D", "Properties": {"domain": "VDT.LOCAL", "name": "MANAGED SERVICE ACCOUNTS@VDT.LOCAL", "distinguishedname": "CN=MANAGED SERVICE ACCOUNTS,DC=VDT,DC=LOCAL", "domainsid": "S-1-5-21-300591061-149275173-2848870365", "highvalue": false, "description": "Default container for managed service accounts", "whencreated": 1748190076}, "IsDeleted": false, "IsACLProtected": false, "Aces": [{"RightName": "Owns", "IsInherited": false, "PrincipalSID": "S-1-5-21-300591061-149275173-2848870365-512", "PrincipalType": "Group"}, {"RightName": "WriteOwner", "IsInherited": false, "PrincipalSID": "S-1-5-21-300591061-149275173-2848870365-512", "PrincipalType": "Group"}, {"RightName": "WriteDacl", "IsInherited": false, "PrincipalSID": "S-1-5-21-300591061-149275173-2848870365-512", "PrincipalType": "Group"}, {"RightName": "GenericAll", "IsInherited": true, "PrincipalSID": "S-1-5-21-300591061-149275173-2848870365-519", "PrincipalType": "Group"}, {"RightName": "WriteOwner", "IsInherited": true, "PrincipalSID": "VDT.LOCAL-S-1-5-32-544", "PrincipalType": "Group"}, {"RightName": "WriteDacl", "IsInherited": true, "PrincipalSID": "VDT.LOCAL-S-1-5-32-544", "PrincipalType": "Group"}], "ChildObjects": []},{"ObjectIdentifier": "DAABA4D5-B36E-43D1-B814-8BEF0FD522A1", "Properties": {"domain": "VDT.LOCAL", "name": "MICROSOFT@VDT.LOCAL", "distinguishedname": "CN=MICROSOFT,CN=PROGRAM DATA,DC=VDT,DC=LOCAL", "domainsid": "S-1-5-21-300591061-149275173-2848870365", "highvalue": false, "description": "Default location for storage of Microsoft application data.", "whencreated": 1748190076}, "IsDeleted": false, "IsACLProtected": false, "Aces": [{"RightName": "Owns", "IsInherited": false, "PrincipalSID": "S-1-5-21-300591061-149275173-2848870365-512", "PrincipalType": "Group"}, {"RightName": "GenericAll", "IsInherited": false, "PrincipalSID": "S-1-5-21-300591061-149275173-2848870365-512", "PrincipalType": "Group"}, {"RightName": "GenericAll", "IsInherited": true, "PrincipalSID": "S-1-5-21-300591061-149275173-2848870365-519", "PrincipalType": "Group"}, {"RightName": "WriteOwner", "IsInherited": true, "PrincipalSID": "VDT.LOCAL-S-1-5-32-544", "PrincipalType": "Group"}, {"RightName": "WriteDacl", "IsInherited": true, "PrincipalSID": "VDT.LOCAL-S-1-5-32-544", "PrincipalType": "Group"}], "ChildObjects": []},{"ObjectIdentifier": "6C8DCCBC-A010-4135-BAB4-73E29BDBDA72", "Properties": {"domain": "VDT.LOCAL", "name": "PROGRAM DATA@VDT.LOCAL", "distinguishedname": "CN=PROGRAM DATA,DC=VDT,DC=LOCAL", "domainsid": "S-1-5-21-300591061-149275173-2848870365", "highvalue": false, "description": "Default location for storage of application data.", "whencreated": 1748190076}, "IsDeleted": false, "IsACLProtected": false, "Aces": [{"RightName": "Owns", "IsInherited": false, "PrincipalSID": "S-1-5-21-300591061-149275173-2848870365-512", "PrincipalType": "Group"}, {"RightName": "GenericAll", "IsInherited": false, "PrincipalSID": "S-1-5-21-300591061-149275173-2848870365-512", "PrincipalType": "Group"}, {"RightName": "GenericAll", "IsInherited": true, "PrincipalSID": "S-1-5-21-300591061-149275173-2848870365-519", "PrincipalType": "Group"}, {"RightName": "WriteOwner", "IsInherited": true, "PrincipalSID": "VDT.LOCAL-S-1-5-32-544", "PrincipalType": "Group"}, {"RightName": "WriteDacl", "IsInherited": true, "PrincipalSID": "VDT.LOCAL-S-1-5-32-544", "PrincipalType": "Group"}], "ChildObjects": []},{"ObjectIdentifier": "03693315-18AA-490B-B196-EB2212C3F439", "Properties": {"domain": "VDT.LOCAL", "name": "FOREIGNSECURITYPRINCIPALS@VDT.LOCAL", "distinguishedname": "CN=FOREIGNSECURITYPRINCIPALS,DC=VDT,DC=LOCAL", "domainsid": "S-1-5-21-300591061-149275173-2848870365", "highvalue": false, "description": "Default container for security identifiers (SIDs) associated with objects from external, trusted domains", "whencreated": 1748190076}, "IsDeleted": false, "IsACLProtected": false, "Aces": [{"RightName": "Owns", "IsInherited": false, "PrincipalSID": "S-1-5-21-300591061-149275173-2848870365-512", "PrincipalType": "Group"}, {"RightName": "GenericAll", "IsInherited": false, "PrincipalSID": "S-1-5-21-300591061-149275173-2848870365-512", "PrincipalType": "Group"}, {"RightName": "GenericAll", "IsInherited": true, "PrincipalSID": "S-1-5-21-300591061-149275173-2848870365-519", "PrincipalType": "Group"}, {"RightName": "WriteOwner", "IsInherited": true, "PrincipalSID": "VDT.LOCAL-S-1-5-32-544", "PrincipalType": "Group"}, {"RightName": "WriteDacl", "IsInherited": true, "PrincipalSID": "VDT.LOCAL-S-1-5-32-544", "PrincipalType": "Group"}], "ChildObjects": []},{"ObjectIdentifier": "D43BE0DE-9636-4EB5-BAFB-982AE390A777", "Properties": {"domain": "VDT.LOCAL", "name": "SYSTEM@VDT.LOCAL", "distinguishedname": "CN=SYSTEM,DC=VDT,DC=LOCAL", "domainsid": "S-1-5-21-300591061-149275173-2848870365", "highvalue": false, "description": "Builtin system settings", "whencreated": 1748190075}, "IsDeleted": false, "IsACLProtected": false, "Aces": [{"RightName": "Owns", "IsInherited": false, "PrincipalSID": "S-1-5-21-300591061-149275173-2848870365-512", "PrincipalType": "Group"}, {"RightName": "WriteOwner", "IsInherited": false, "PrincipalSID": "S-1-5-21-300591061-149275173-2848870365-512", "PrincipalType": "Group"}, {"RightName": "WriteDacl", "IsInherited": false, "PrincipalSID": "S-1-5-21-300591061-149275173-2848870365-512", "PrincipalType": "Group"}, {"RightName": "GenericAll", "IsInherited": true, "PrincipalSID": "S-1-5-21-300591061-149275173-2848870365-519", "PrincipalType": "Group"}, {"RightName": "WriteOwner", "IsInherited": true, "PrincipalSID": "VDT.LOCAL-S-1-5-32-544", "PrincipalType": "Group"}, {"RightName": "WriteDacl", "IsInherited": true, "PrincipalSID": "VDT.LOCAL-S-1-5-32-544", "PrincipalType": "Group"}], "ChildObjects": []},{"ObjectIdentifier": "4EC00736-9CE2-4A06-82E7-D5E8D55DED11", "Properties": {"domain": "VDT.LOCAL", "name": "COMPUTERS@VDT.LOCAL", "distinguishedname": "CN=COMPUTERS,DC=VDT,DC=LOCAL", "domainsid": "S-1-5-21-300591061-149275173-2848870365", "highvalue": false, "description": "Default container for upgraded computer accounts", "whencreated": 1748190075}, "IsDeleted": false, "IsACLProtected": false, "Aces": [{"RightName": "Owns", "IsInherited": false, "PrincipalSID": "S-1-5-21-300591061-149275173-2848870365-512", "PrincipalType": "Group"}, {"RightName": "WriteOwner", "IsInherited": false, "PrincipalSID": "S-1-5-21-300591061-149275173-2848870365-512", "PrincipalType": "Group"}, {"RightName": "WriteDacl", "IsInherited": false, "PrincipalSID": "S-1-5-21-300591061-149275173-2848870365-512", "PrincipalType": "Group"}, {"RightName": "GenericAll", "IsInherited": true, "PrincipalSID": "S-1-5-21-300591061-149275173-2848870365-519", "PrincipalType": "Group"}, {"RightName": "WriteOwner", "IsInherited": true, "PrincipalSID": "VDT.LOCAL-S-1-5-32-544", "PrincipalType": "Group"}, {"RightName": "WriteDacl", "IsInherited": true, "PrincipalSID": "VDT.LOCAL-S-1-5-32-544", "PrincipalType": "Group"}], "ChildObjects": [{"ObjectIdentifier": "S-1-5-21-300591061-149275173-2848870365-1108", "ObjectType": "Computer"}, {"ObjectIdentifier": "S-1-5-21-300591061-149275173-2848870365-1107", "ObjectType": "Computer"}, {"ObjectIdentifier": "S-1-5-21-300591061-149275173-2848870365-1109", "ObjectType": "Computer"}]},{"ObjectIdentifier": "B2FA68CF-44D8-4A7B-8297-294D63DA1E1A", "Properties": {"domain": "VDT.LOCAL", "name": "USERS@VDT.LOCAL", "distinguishedname": "CN=USERS,DC=VDT,DC=LOCAL", "domainsid": "S-1-5-21-300591061-149275173-2848870365", "highvalue": false, "description": "Default container for upgraded user accounts", "whencreated": 1748190075}, "IsDeleted": false, "IsACLProtected": false, "Aces": [{"RightName": "Owns", "IsInherited": false, "PrincipalSID": "S-1-5-21-300591061-149275173-2848870365-512", "PrincipalType": "Group"}, {"RightName": "WriteOwner", "IsInherited": false, "PrincipalSID": "S-1-5-21-300591061-149275173-2848870365-512", "PrincipalType": "Group"}, {"RightName": "WriteDacl", "IsInherited": false, "PrincipalSID": "S-1-5-21-300591061-149275173-2848870365-512", "PrincipalType": "Group"}, {"RightName": "GenericAll", "IsInherited": true, "PrincipalSID": "S-1-5-21-300591061-149275173-2848870365-519", "PrincipalType": "Group"}, {"RightName": "WriteOwner", "IsInherited": true, "PrincipalSID": "VDT.LOCAL-S-1-5-32-544", "PrincipalType": "Group"}, {"RightName": "WriteDacl", "IsInherited": true, "PrincipalSID": "VDT.LOCAL-S-1-5-32-544", "PrincipalType": "Group"}], "ChildObjects": [{"ObjectIdentifier": "S-1-5-21-300591061-149275173-2848870365-518", "ObjectType": "Group"}, {"ObjectIdentifier": "S-1-5-21-300591061-149275173-2848870365-521", "ObjectType": "Group"}, {"ObjectIdentifier": "S-1-5-21-300591061-149275173-2848870365-553", "ObjectType": "Group"}, {"ObjectIdentifier": "S-1-5-21-300591061-149275173-2848870365-525", "ObjectType": "Group"}, {"ObjectIdentifier": "S-1-5-21-300591061-149275173-2848870365-502", "ObjectType": "User"}, {"ObjectIdentifier": "S-1-5-21-300591061-149275173-2848870365-526", "ObjectType": "Group"}, {"ObjectIdentifier": "S-1-5-21-300591061-149275173-2848870365-501", "ObjectType": "User"}, {"ObjectIdentifier": "S-1-5-21-300591061-149275173-2848870365-520", "ObjectType": "Group"}, {"ObjectIdentifier": "S-1-5-21-300591061-149275173-2848870365-498", "ObjectType": "Group"}, {"ObjectIdentifier": "S-1-5-21-300591061-149275173-2848870365-527", "ObjectType": "Group"}, {"ObjectIdentifier": "S-1-5-21-300591061-149275173-2848870365-519", "ObjectType": "Group"}, {"ObjectIdentifier": "S-1-5-21-300591061-149275173-2848870365-513", "ObjectType": "Group"}, {"ObjectIdentifier": "S-1-5-21-300591061-149275173-2848870365-514", "ObjectType": "Group"}, {"ObjectIdentifier": "S-1-5-21-300591061-149275173-2848870365-516", "ObjectType": "Group"}, {"ObjectIdentifier": "S-1-5-21-300591061-149275173-2848870365-515", "ObjectType": "Group"}, {"ObjectIdentifier": "S-1-5-21-300591061-149275173-2848870365-512", "ObjectType": "Group"}, {"ObjectIdentifier": "S-1-5-21-300591061-149275173-2848870365-1103", "ObjectType": "Group"}, {"ObjectIdentifier": "S-1-5-21-300591061-149275173-2848870365-1102", "ObjectType": "Group"}, {"ObjectIdentifier": "S-1-5-21-300591061-149275173-2848870365-572", "ObjectType": "Group"}, {"ObjectIdentifier": "S-1-5-21-300591061-149275173-2848870365-1000", "ObjectType": "User"}, {"ObjectIdentifier": "S-1-5-21-300591061-149275173-2848870365-522", "ObjectType": "Group"}, {"ObjectIdentifier": "S-1-5-21-300591061-149275173-2848870365-517", "ObjectType": "Group"}, {"ObjectIdentifier": "S-1-5-21-300591061-149275173-2848870365-571", "ObjectType": "Group"}, {"ObjectIdentifier": "S-1-5-21-300591061-149275173-2848870365-500", "ObjectType": "User"}]}],"meta":{"methods":0,"type":"containers","count":19, "version":5}}