{"data":[{"ObjectIdentifier": "E40CAEBE-2899-46D0-8289-99FBB84378FA", "Properties": {"domain": "VDT.LOCAL", "name": "EXECUTIVES@VDT.LOCAL", "distinguishedname": "OU=EXECUTIVES,DC=VDT,DC=LOCAL", "domainsid": "S-1-5-21-300591061-149275173-2848870365", "highvalue": false, "blocksinheritance": false, "description": null, "whencreated": 1748369836}, "IsDeleted": false, "IsACLProtected": false, "Aces": [{"RightName": "Owns", "IsInherited": false, "PrincipalSID": "S-1-5-21-300591061-149275173-2848870365-512", "PrincipalType": "Group"}, {"RightName": "GenericAll", "IsInherited": false, "PrincipalSID": "S-1-5-21-300591061-149275173-2848870365-512", "PrincipalType": "Group"}, {"RightName": "GenericAll", "IsInherited": true, "PrincipalSID": "S-1-5-21-300591061-149275173-2848870365-519", "PrincipalType": "Group"}, {"RightName": "GenericWrite", "IsInherited": true, "PrincipalSID": "VDT.LOCAL-S-1-5-32-544", "PrincipalType": "Group"}, {"RightName": "WriteOwner", "IsInherited": true, "PrincipalSID": "VDT.LOCAL-S-1-5-32-544", "PrincipalType": "Group"}, {"RightName": "WriteDacl", "IsInherited": true, "PrincipalSID": "VDT.LOCAL-S-1-5-32-544", "PrincipalType": "Group"}], "Links": [], "ChildObjects": [], "GPOChanges": {"AffectedComputers": [], "DcomUsers": [], "LocalAdmins": [], "PSRemoteUsers": [], "RemoteDesktopUsers": []}},{"ObjectIdentifier": "6653585C-08A4-47AB-923D-9A1BD19D589C", "Properties": {"domain": "VDT.LOCAL", "name": "CONTRACTORS@VDT.LOCAL", "distinguishedname": "OU=CONTRACTORS,DC=VDT,DC=LOCAL", "domainsid": "S-1-5-21-300591061-149275173-2848870365", "highvalue": false, "blocksinheritance": false, "description": null, "whencreated": 1748369836}, "IsDeleted": false, "IsACLProtected": false, "Aces": [{"RightName": "Owns", "IsInherited": false, "PrincipalSID": "S-1-5-21-300591061-149275173-2848870365-512", "PrincipalType": "Group"}, {"RightName": "GenericAll", "IsInherited": false, "PrincipalSID": "S-1-5-21-300591061-149275173-2848870365-512", "PrincipalType": "Group"}, {"RightName": "GenericAll", "IsInherited": true, "PrincipalSID": "S-1-5-21-300591061-149275173-2848870365-519", "PrincipalType": "Group"}, {"RightName": "GenericWrite", "IsInherited": true, "PrincipalSID": "VDT.LOCAL-S-1-5-32-544", "PrincipalType": "Group"}, {"RightName": "WriteOwner", "IsInherited": true, "PrincipalSID": "VDT.LOCAL-S-1-5-32-544", "PrincipalType": "Group"}, {"RightName": "WriteDacl", "IsInherited": true, "PrincipalSID": "VDT.LOCAL-S-1-5-32-544", "PrincipalType": "Group"}], "Links": [], "ChildObjects": [], "GPOChanges": {"AffectedComputers": [], "DcomUsers": [], "LocalAdmins": [], "PSRemoteUsers": [], "RemoteDesktopUsers": []}},{"ObjectIdentifier": "33FF1E60-DFC3-474A-B62D-573A033FA970", "Properties": {"domain": "VDT.LOCAL", "name": "TEMPORARYUSERS@VDT.LOCAL", "distinguishedname": "OU=TEMPORARYUSERS,DC=VDT,DC=LOCAL", "domainsid": "S-1-5-21-300591061-149275173-2848870365", "highvalue": false, "blocksinheritance": false, "description": null, "whencreated": 1748369836}, "IsDeleted": false, "IsACLProtected": false, "Aces": [{"RightName": "Owns", "IsInherited": false, "PrincipalSID": "S-1-5-21-300591061-149275173-2848870365-512", "PrincipalType": "Group"}, {"RightName": "GenericAll", "IsInherited": false, "PrincipalSID": "S-1-5-21-300591061-149275173-2848870365-512", "PrincipalType": "Group"}, {"RightName": "GenericAll", "IsInherited": true, "PrincipalSID": "S-1-5-21-300591061-149275173-2848870365-519", "PrincipalType": "Group"}, {"RightName": "GenericWrite", "IsInherited": true, "PrincipalSID": "VDT.LOCAL-S-1-5-32-544", "PrincipalType": "Group"}, {"RightName": "WriteOwner", "IsInherited": true, "PrincipalSID": "VDT.LOCAL-S-1-5-32-544", "PrincipalType": "Group"}, {"RightName": "WriteDacl", "IsInherited": true, "PrincipalSID": "VDT.LOCAL-S-1-5-32-544", "PrincipalType": "Group"}], "Links": [], "ChildObjects": [], "GPOChanges": {"AffectedComputers": [], "DcomUsers": [], "LocalAdmins": [], "PSRemoteUsers": [], "RemoteDesktopUsers": []}},{"ObjectIdentifier": "FEF5ACE9-BE7B-4E13-BE04-8F955822845D", "Properties": {"domain": "VDT.LOCAL", "name": "INTERNS@VDT.LOCAL", "distinguishedname": "OU=INTERNS,DC=VDT,DC=LOCAL", "domainsid": "S-1-5-21-300591061-149275173-2848870365", "highvalue": false, "blocksinheritance": false, "description": null, "whencreated": 1748369836}, "IsDeleted": false, "IsACLProtected": false, "Aces": [{"RightName": "Owns", "IsInherited": false, "PrincipalSID": "S-1-5-21-300591061-149275173-2848870365-512", "PrincipalType": "Group"}, {"RightName": "GenericAll", "IsInherited": false, "PrincipalSID": "S-1-5-21-300591061-149275173-2848870365-512", "PrincipalType": "Group"}, {"RightName": "GenericAll", "IsInherited": true, "PrincipalSID": "S-1-5-21-300591061-149275173-2848870365-519", "PrincipalType": "Group"}, {"RightName": "GenericWrite", "IsInherited": true, "PrincipalSID": "VDT.LOCAL-S-1-5-32-544", "PrincipalType": "Group"}, {"RightName": "WriteOwner", "IsInherited": true, "PrincipalSID": "VDT.LOCAL-S-1-5-32-544", "PrincipalType": "Group"}, {"RightName": "WriteDacl", "IsInherited": true, "PrincipalSID": "VDT.LOCAL-S-1-5-32-544", "PrincipalType": "Group"}], "Links": [], "ChildObjects": [], "GPOChanges": {"AffectedComputers": [], "DcomUsers": [], "LocalAdmins": [], "PSRemoteUsers": [], "RemoteDesktopUsers": []}},{"ObjectIdentifier": "9E443B96-374F-4D45-A105-6DCAECEB22DF", "Properties": {"domain": "VDT.LOCAL", "name": "PROJECTS@VDT.LOCAL", "distinguishedname": "OU=PROJECTS,DC=VDT,DC=LOCAL", "domainsid": "S-1-5-21-300591061-149275173-2848870365", "highvalue": false, "blocksinheritance": false, "description": null, "whencreated": 1748369836}, "IsDeleted": false, "IsACLProtected": false, "Aces": [{"RightName": "Owns", "IsInherited": false, "PrincipalSID": "S-1-5-21-300591061-149275173-2848870365-512", "PrincipalType": "Group"}, {"RightName": "GenericAll", "IsInherited": false, "PrincipalSID": "S-1-5-21-300591061-149275173-2848870365-512", "PrincipalType": "Group"}, {"RightName": "GenericAll", "IsInherited": true, "PrincipalSID": "S-1-5-21-300591061-149275173-2848870365-519", "PrincipalType": "Group"}, {"RightName": "GenericWrite", "IsInherited": true, "PrincipalSID": "VDT.LOCAL-S-1-5-32-544", "PrincipalType": "Group"}, {"RightName": "WriteOwner", "IsInherited": true, "PrincipalSID": "VDT.LOCAL-S-1-5-32-544", "PrincipalType": "Group"}, {"RightName": "WriteDacl", "IsInherited": true, "PrincipalSID": "VDT.LOCAL-S-1-5-32-544", "PrincipalType": "Group"}], "Links": [], "ChildObjects": [], "GPOChanges": {"AffectedComputers": [], "DcomUsers": [], "LocalAdmins": [], "PSRemoteUsers": [], "RemoteDesktopUsers": []}},{"ObjectIdentifier": "741678DC-7964-4C3C-90D2-B8A4FB86E90D", "Properties": {"domain": "VDT.LOCAL", "name": "OPERATIONS@VDT.LOCAL", "distinguishedname": "OU=OPERATIONS,DC=VDT,DC=LOCAL", "domainsid": "S-1-5-21-300591061-149275173-2848870365", "highvalue": false, "blocksinheritance": false, "description": null, "whencreated": 1748369836}, "IsDeleted": false, "IsACLProtected": false, "Aces": [{"RightName": "Owns", "IsInherited": false, "PrincipalSID": "S-1-5-21-300591061-149275173-2848870365-512", "PrincipalType": "Group"}, {"RightName": "GenericAll", "IsInherited": false, "PrincipalSID": "S-1-5-21-300591061-149275173-2848870365-512", "PrincipalType": "Group"}, {"RightName": "GenericAll", "IsInherited": true, "PrincipalSID": "S-1-5-21-300591061-149275173-2848870365-519", "PrincipalType": "Group"}, {"RightName": "GenericWrite", "IsInherited": true, "PrincipalSID": "VDT.LOCAL-S-1-5-32-544", "PrincipalType": "Group"}, {"RightName": "WriteOwner", "IsInherited": true, "PrincipalSID": "VDT.LOCAL-S-1-5-32-544", "PrincipalType": "Group"}, {"RightName": "WriteDacl", "IsInherited": true, "PrincipalSID": "VDT.LOCAL-S-1-5-32-544", "PrincipalType": "Group"}], "Links": [], "ChildObjects": [], "GPOChanges": {"AffectedComputers": [], "DcomUsers": [], "LocalAdmins": [], "PSRemoteUsers": [], "RemoteDesktopUsers": []}},{"ObjectIdentifier": "C2B91CF3-9630-425B-8238-834EAE90691C", "Properties": {"domain": "VDT.LOCAL", "name": "MARKETING@VDT.LOCAL", "distinguishedname": "OU=MARKETING,DC=VDT,DC=LOCAL", "domainsid": "S-1-5-21-300591061-149275173-2848870365", "highvalue": false, "blocksinheritance": false, "description": null, "whencreated": 1748369836}, "IsDeleted": false, "IsACLProtected": false, "Aces": [{"RightName": "Owns", "IsInherited": false, "PrincipalSID": "S-1-5-21-300591061-149275173-2848870365-512", "PrincipalType": "Group"}, {"RightName": "GenericAll", "IsInherited": false, "PrincipalSID": "S-1-5-21-300591061-149275173-2848870365-512", "PrincipalType": "Group"}, {"RightName": "GenericAll", "IsInherited": true, "PrincipalSID": "S-1-5-21-300591061-149275173-2848870365-519", "PrincipalType": "Group"}, {"RightName": "GenericWrite", "IsInherited": true, "PrincipalSID": "VDT.LOCAL-S-1-5-32-544", "PrincipalType": "Group"}, {"RightName": "WriteOwner", "IsInherited": true, "PrincipalSID": "VDT.LOCAL-S-1-5-32-544", "PrincipalType": "Group"}, {"RightName": "WriteDacl", "IsInherited": true, "PrincipalSID": "VDT.LOCAL-S-1-5-32-544", "PrincipalType": "Group"}], "Links": [], "ChildObjects": [], "GPOChanges": {"AffectedComputers": [], "DcomUsers": [], "LocalAdmins": [], "PSRemoteUsers": [], "RemoteDesktopUsers": []}},{"ObjectIdentifier": "42FD99E7-4FF2-4885-82D6-59E35B0EE7BC", "Properties": {"domain": "VDT.LOCAL", "name": "SALES@VDT.LOCAL", "distinguishedname": "OU=SALES,DC=VDT,DC=LOCAL", "domainsid": "S-1-5-21-300591061-149275173-2848870365", "highvalue": false, "blocksinheritance": false, "description": null, "whencreated": 1748369836}, "IsDeleted": false, "IsACLProtected": false, "Aces": [{"RightName": "Owns", "IsInherited": false, "PrincipalSID": "S-1-5-21-300591061-149275173-2848870365-512", "PrincipalType": "Group"}, {"RightName": "GenericAll", "IsInherited": false, "PrincipalSID": "S-1-5-21-300591061-149275173-2848870365-512", "PrincipalType": "Group"}, {"RightName": "GenericAll", "IsInherited": true, "PrincipalSID": "S-1-5-21-300591061-149275173-2848870365-519", "PrincipalType": "Group"}, {"RightName": "GenericWrite", "IsInherited": true, "PrincipalSID": "VDT.LOCAL-S-1-5-32-544", "PrincipalType": "Group"}, {"RightName": "WriteOwner", "IsInherited": true, "PrincipalSID": "VDT.LOCAL-S-1-5-32-544", "PrincipalType": "Group"}, {"RightName": "WriteDacl", "IsInherited": true, "PrincipalSID": "VDT.LOCAL-S-1-5-32-544", "PrincipalType": "Group"}], "Links": [], "ChildObjects": [], "GPOChanges": {"AffectedComputers": [], "DcomUsers": [], "LocalAdmins": [], "PSRemoteUsers": [], "RemoteDesktopUsers": []}},{"ObjectIdentifier": "9138635B-683D-4863-93DE-A389A8912F7C", "Properties": {"domain": "VDT.LOCAL", "name": "FINANCE@VDT.LOCAL", "distinguishedname": "OU=FINANCE,DC=VDT,DC=LOCAL", "domainsid": "S-1-5-21-300591061-149275173-2848870365", "highvalue": false, "blocksinheritance": false, "description": null, "whencreated": 1748369836}, "IsDeleted": false, "IsACLProtected": false, "Aces": [{"RightName": "Owns", "IsInherited": false, "PrincipalSID": "S-1-5-21-300591061-149275173-2848870365-512", "PrincipalType": "Group"}, {"RightName": "GenericAll", "IsInherited": false, "PrincipalSID": "S-1-5-21-300591061-149275173-2848870365-512", "PrincipalType": "Group"}, {"RightName": "GenericAll", "IsInherited": true, "PrincipalSID": "S-1-5-21-300591061-149275173-2848870365-519", "PrincipalType": "Group"}, {"RightName": "GenericWrite", "IsInherited": true, "PrincipalSID": "VDT.LOCAL-S-1-5-32-544", "PrincipalType": "Group"}, {"RightName": "WriteOwner", "IsInherited": true, "PrincipalSID": "VDT.LOCAL-S-1-5-32-544", "PrincipalType": "Group"}, {"RightName": "WriteDacl", "IsInherited": true, "PrincipalSID": "VDT.LOCAL-S-1-5-32-544", "PrincipalType": "Group"}], "Links": [], "ChildObjects": [], "GPOChanges": {"AffectedComputers": [], "DcomUsers": [], "LocalAdmins": [], "PSRemoteUsers": [], "RemoteDesktopUsers": []}},{"ObjectIdentifier": "DC0A5745-294E-4AF1-920B-30B1A88FBB78", "Properties": {"domain": "VDT.LOCAL", "name": "HR@VDT.LOCAL", "distinguishedname": "OU=HR,DC=VDT,DC=LOCAL", "domainsid": "S-1-5-21-300591061-149275173-2848870365", "highvalue": false, "blocksinheritance": false, "description": null, "whencreated": 1748369836}, "IsDeleted": false, "IsACLProtected": false, "Aces": [{"RightName": "Owns", "IsInherited": false, "PrincipalSID": "S-1-5-21-300591061-149275173-2848870365-512", "PrincipalType": "Group"}, {"RightName": "GenericAll", "IsInherited": false, "PrincipalSID": "S-1-5-21-300591061-149275173-2848870365-512", "PrincipalType": "Group"}, {"RightName": "GenericAll", "IsInherited": true, "PrincipalSID": "S-1-5-21-300591061-149275173-2848870365-519", "PrincipalType": "Group"}, {"RightName": "GenericWrite", "IsInherited": true, "PrincipalSID": "VDT.LOCAL-S-1-5-32-544", "PrincipalType": "Group"}, {"RightName": "WriteOwner", "IsInherited": true, "PrincipalSID": "VDT.LOCAL-S-1-5-32-544", "PrincipalType": "Group"}, {"RightName": "WriteDacl", "IsInherited": true, "PrincipalSID": "VDT.LOCAL-S-1-5-32-544", "PrincipalType": "Group"}], "Links": [], "ChildObjects": [], "GPOChanges": {"AffectedComputers": [], "DcomUsers": [], "LocalAdmins": [], "PSRemoteUsers": [], "RemoteDesktopUsers": []}},{"ObjectIdentifier": "8070D177-8FDE-41BF-9ED6-48BA9F5448EC", "Properties": {"domain": "VDT.LOCAL", "name": "SUPPORT@VDT.LOCAL", "distinguishedname": "OU=SUPPORT,DC=VDT,DC=LOCAL", "domainsid": "S-1-5-21-300591061-149275173-2848870365", "highvalue": false, "blocksinheritance": false, "description": null, "whencreated": 1748369836}, "IsDeleted": false, "IsACLProtected": false, "Aces": [{"RightName": "Owns", "IsInherited": false, "PrincipalSID": "S-1-5-21-300591061-149275173-2848870365-512", "PrincipalType": "Group"}, {"RightName": "GenericAll", "IsInherited": false, "PrincipalSID": "S-1-5-21-300591061-149275173-2848870365-512", "PrincipalType": "Group"}, {"RightName": "GenericAll", "IsInherited": true, "PrincipalSID": "S-1-5-21-300591061-149275173-2848870365-519", "PrincipalType": "Group"}, {"RightName": "GenericWrite", "IsInherited": true, "PrincipalSID": "VDT.LOCAL-S-1-5-32-544", "PrincipalType": "Group"}, {"RightName": "WriteOwner", "IsInherited": true, "PrincipalSID": "VDT.LOCAL-S-1-5-32-544", "PrincipalType": "Group"}, {"RightName": "WriteDacl", "IsInherited": true, "PrincipalSID": "VDT.LOCAL-S-1-5-32-544", "PrincipalType": "Group"}], "Links": [], "ChildObjects": [], "GPOChanges": {"AffectedComputers": [], "DcomUsers": [], "LocalAdmins": [], "PSRemoteUsers": [], "RemoteDesktopUsers": []}},{"ObjectIdentifier": "A3FD7CCB-C9F6-4BB3-A568-52FAB25313B7", "Properties": {"domain": "VDT.LOCAL", "name": "IT@VDT.LOCAL", "distinguishedname": "OU=IT,DC=VDT,DC=LOCAL", "domainsid": "S-1-5-21-300591061-149275173-2848870365", "highvalue": false, "blocksinheritance": false, "description": null, "whencreated": 1748369081}, "IsDeleted": false, "IsACLProtected": false, "Aces": [{"RightName": "Owns", "IsInherited": false, "PrincipalSID": "S-1-5-21-300591061-149275173-2848870365-512", "PrincipalType": "Group"}, {"RightName": "GenericAll", "IsInherited": false, "PrincipalSID": "S-1-5-21-300591061-149275173-2848870365-512", "PrincipalType": "Group"}, {"RightName": "GenericAll", "IsInherited": true, "PrincipalSID": "S-1-5-21-300591061-149275173-2848870365-519", "PrincipalType": "Group"}, {"RightName": "GenericWrite", "IsInherited": true, "PrincipalSID": "VDT.LOCAL-S-1-5-32-544", "PrincipalType": "Group"}, {"RightName": "WriteOwner", "IsInherited": true, "PrincipalSID": "VDT.LOCAL-S-1-5-32-544", "PrincipalType": "Group"}, {"RightName": "WriteDacl", "IsInherited": true, "PrincipalSID": "VDT.LOCAL-S-1-5-32-544", "PrincipalType": "Group"}], "Links": [], "ChildObjects": [], "GPOChanges": {"AffectedComputers": [], "DcomUsers": [], "LocalAdmins": [], "PSRemoteUsers": [], "RemoteDesktopUsers": []}},{"ObjectIdentifier": "39F7EB71-4807-4454-9A66-5CB6EABCF3B3", "Properties": {"domain": "VDT.LOCAL", "name": "HELPDESK@VDT.LOCAL", "distinguishedname": "OU=HELPDESK,DC=VDT,DC=LOCAL", "domainsid": "S-1-5-21-300591061-149275173-2848870365", "highvalue": false, "blocksinheritance": false, "description": null, "whencreated": 1748369067}, "IsDeleted": false, "IsACLProtected": false, "Aces": [{"RightName": "Owns", "IsInherited": false, "PrincipalSID": "S-1-5-21-300591061-149275173-2848870365-512", "PrincipalType": "Group"}, {"RightName": "GenericAll", "IsInherited": false, "PrincipalSID": "S-1-5-21-300591061-149275173-2848870365-512", "PrincipalType": "Group"}, {"RightName": "GenericAll", "IsInherited": true, "PrincipalSID": "S-1-5-21-300591061-149275173-2848870365-519", "PrincipalType": "Group"}, {"RightName": "GenericWrite", "IsInherited": true, "PrincipalSID": "VDT.LOCAL-S-1-5-32-544", "PrincipalType": "Group"}, {"RightName": "WriteOwner", "IsInherited": true, "PrincipalSID": "VDT.LOCAL-S-1-5-32-544", "PrincipalType": "Group"}, {"RightName": "WriteDacl", "IsInherited": true, "PrincipalSID": "VDT.LOCAL-S-1-5-32-544", "PrincipalType": "Group"}], "Links": [], "ChildObjects": [], "GPOChanges": {"AffectedComputers": [], "DcomUsers": [], "LocalAdmins": [], "PSRemoteUsers": [], "RemoteDesktopUsers": []}},{"ObjectIdentifier": "C0810CE1-7A16-40A5-9B26-A54ABAA3A6C8", "Properties": {"domain": "VDT.LOCAL", "name": "SUPPORTS@VDT.LOCAL", "distinguishedname": "OU=SUPPORTS,DC=VDT,DC=LOCAL", "domainsid": "S-1-5-21-300591061-149275173-2848870365", "highvalue": false, "blocksinheritance": false, "description": null, "whencreated": 1748369050}, "IsDeleted": false, "IsACLProtected": false, "Aces": [{"RightName": "Owns", "IsInherited": false, "PrincipalSID": "S-1-5-21-300591061-149275173-2848870365-512", "PrincipalType": "Group"}, {"RightName": "GenericAll", "IsInherited": false, "PrincipalSID": "S-1-5-21-300591061-149275173-2848870365-512", "PrincipalType": "Group"}, {"RightName": "GenericAll", "IsInherited": true, "PrincipalSID": "S-1-5-21-300591061-149275173-2848870365-519", "PrincipalType": "Group"}, {"RightName": "GenericWrite", "IsInherited": true, "PrincipalSID": "VDT.LOCAL-S-1-5-32-544", "PrincipalType": "Group"}, {"RightName": "WriteOwner", "IsInherited": true, "PrincipalSID": "VDT.LOCAL-S-1-5-32-544", "PrincipalType": "Group"}, {"RightName": "WriteDacl", "IsInherited": true, "PrincipalSID": "VDT.LOCAL-S-1-5-32-544", "PrincipalType": "Group"}], "Links": [], "ChildObjects": [], "GPOChanges": {"AffectedComputers": [], "DcomUsers": [], "LocalAdmins": [], "PSRemoteUsers": [], "RemoteDesktopUsers": []}},{"ObjectIdentifier": "DEC9A1B3-407C-4DD3-B72C-3AE0FE59FC3A", "Properties": {"domain": "VDT.LOCAL", "name": "QA@VDT.LOCAL", "distinguishedname": "OU=QA,DC=VDT,DC=LOCAL", "domainsid": "S-1-5-21-300591061-149275173-2848870365", "highvalue": false, "blocksinheritance": false, "description": null, "whencreated": 1748368994}, "IsDeleted": false, "IsACLProtected": false, "Aces": [{"RightName": "Owns", "IsInherited": false, "PrincipalSID": "S-1-5-21-300591061-149275173-2848870365-512", "PrincipalType": "Group"}, {"RightName": "GenericAll", "IsInherited": false, "PrincipalSID": "S-1-5-21-300591061-149275173-2848870365-512", "PrincipalType": "Group"}, {"RightName": "GenericAll", "IsInherited": true, "PrincipalSID": "S-1-5-21-300591061-149275173-2848870365-519", "PrincipalType": "Group"}, {"RightName": "GenericWrite", "IsInherited": true, "PrincipalSID": "VDT.LOCAL-S-1-5-32-544", "PrincipalType": "Group"}, {"RightName": "WriteOwner", "IsInherited": true, "PrincipalSID": "VDT.LOCAL-S-1-5-32-544", "PrincipalType": "Group"}, {"RightName": "WriteDacl", "IsInherited": true, "PrincipalSID": "VDT.LOCAL-S-1-5-32-544", "PrincipalType": "Group"}], "Links": [], "ChildObjects": [], "GPOChanges": {"AffectedComputers": [], "DcomUsers": [], "LocalAdmins": [], "PSRemoteUsers": [], "RemoteDesktopUsers": []}},{"ObjectIdentifier": "7D81C39F-B9E1-4340-A12C-8FB9CC532F98", "Properties": {"domain": "VDT.LOCAL", "name": "TESTUSERS@VDT.LOCAL", "distinguishedname": "OU=TESTUSERS,DC=VDT,DC=LOCAL", "domainsid": "S-1-5-21-300591061-149275173-2848870365", "highvalue": false, "blocksinheritance": false, "description": null, "whencreated": 1748368980}, "IsDeleted": false, "IsACLProtected": false, "Aces": [{"RightName": "Owns", "IsInherited": false, "PrincipalSID": "S-1-5-21-300591061-149275173-2848870365-512", "PrincipalType": "Group"}, {"RightName": "GenericAll", "IsInherited": false, "PrincipalSID": "S-1-5-21-300591061-149275173-2848870365-512", "PrincipalType": "Group"}, {"RightName": "GenericAll", "IsInherited": true, "PrincipalSID": "S-1-5-21-300591061-149275173-2848870365-519", "PrincipalType": "Group"}, {"RightName": "GenericWrite", "IsInherited": true, "PrincipalSID": "VDT.LOCAL-S-1-5-32-544", "PrincipalType": "Group"}, {"RightName": "WriteOwner", "IsInherited": true, "PrincipalSID": "VDT.LOCAL-S-1-5-32-544", "PrincipalType": "Group"}, {"RightName": "WriteDacl", "IsInherited": true, "PrincipalSID": "VDT.LOCAL-S-1-5-32-544", "PrincipalType": "Group"}], "Links": [], "ChildObjects": [], "GPOChanges": {"AffectedComputers": [], "DcomUsers": [], "LocalAdmins": [], "PSRemoteUsers": [], "RemoteDesktopUsers": []}},{"ObjectIdentifier": "603487C4-341A-467C-BAD1-276BF33921A6", "Properties": {"domain": "VDT.LOCAL", "name": "KINHDOANH@VDT.LOCAL", "distinguishedname": "OU=KINHDOANH,DC=VDT,DC=LOCAL", "domainsid": "S-1-5-21-300591061-149275173-2848870365", "highvalue": false, "blocksinheritance": false, "description": null, "whencreated": 1748367642}, "IsDeleted": false, "IsACLProtected": false, "Aces": [{"RightName": "Owns", "IsInherited": false, "PrincipalSID": "S-1-5-21-300591061-149275173-2848870365-512", "PrincipalType": "Group"}, {"RightName": "GenericAll", "IsInherited": false, "PrincipalSID": "S-1-5-21-300591061-149275173-2848870365-512", "PrincipalType": "Group"}, {"RightName": "GenericAll", "IsInherited": true, "PrincipalSID": "S-1-5-21-300591061-149275173-2848870365-519", "PrincipalType": "Group"}, {"RightName": "GenericWrite", "IsInherited": true, "PrincipalSID": "VDT.LOCAL-S-1-5-32-544", "PrincipalType": "Group"}, {"RightName": "WriteOwner", "IsInherited": true, "PrincipalSID": "VDT.LOCAL-S-1-5-32-544", "PrincipalType": "Group"}, {"RightName": "WriteDacl", "IsInherited": true, "PrincipalSID": "VDT.LOCAL-S-1-5-32-544", "PrincipalType": "Group"}], "Links": [], "ChildObjects": [], "GPOChanges": {"AffectedComputers": [], "DcomUsers": [], "LocalAdmins": [], "PSRemoteUsers": [], "RemoteDesktopUsers": []}},{"ObjectIdentifier": "B47F3020-E413-4F9D-B8FF-1962228F8AF8", "Properties": {"domain": "VDT.LOCAL", "name": "DEVELOPERS@VDT.LOCAL", "distinguishedname": "OU=DEVELOPERS,DC=VDT,DC=LOCAL", "domainsid": "S-1-5-21-300591061-149275173-2848870365", "highvalue": false, "blocksinheritance": false, "description": null, "whencreated": 1748190653}, "IsDeleted": false, "IsACLProtected": false, "Aces": [{"RightName": "Owns", "IsInherited": false, "PrincipalSID": "S-1-5-21-300591061-149275173-2848870365-1000", "PrincipalType": "User"}, {"RightName": "GenericAll", "IsInherited": false, "PrincipalSID": "S-1-5-21-300591061-149275173-2848870365-512", "PrincipalType": "Group"}, {"RightName": "GenericAll", "IsInherited": true, "PrincipalSID": "S-1-5-21-300591061-149275173-2848870365-519", "PrincipalType": "Group"}, {"RightName": "GenericWrite", "IsInherited": true, "PrincipalSID": "VDT.LOCAL-S-1-5-32-544", "PrincipalType": "Group"}, {"RightName": "WriteOwner", "IsInherited": true, "PrincipalSID": "VDT.LOCAL-S-1-5-32-544", "PrincipalType": "Group"}, {"RightName": "WriteDacl", "IsInherited": true, "PrincipalSID": "VDT.LOCAL-S-1-5-32-544", "PrincipalType": "Group"}], "Links": [], "ChildObjects": [{"ObjectIdentifier": "S-1-5-21-300591061-149275173-2848870365-1111", "ObjectType": "User"}, {"ObjectIdentifier": "S-1-5-21-300591061-149275173-2848870365-1104", "ObjectType": "User"}], "GPOChanges": {"AffectedComputers": [], "DcomUsers": [], "LocalAdmins": [], "PSRemoteUsers": [], "RemoteDesktopUsers": []}},{"ObjectIdentifier": "A0518712-F0F3-4BF2-90D0-63366F0E4914", "Properties": {"domain": "VDT.LOCAL", "name": "SERVICESACCOUNTS@VDT.LOCAL", "distinguishedname": "OU=SERVICESACCOUNTS,DC=VDT,DC=LOCAL", "domainsid": "S-1-5-21-300591061-149275173-2848870365", "highvalue": false, "blocksinheritance": false, "description": null, "whencreated": 1748190609}, "IsDeleted": false, "IsACLProtected": false, "Aces": [{"RightName": "Owns", "IsInherited": false, "PrincipalSID": "S-1-5-21-300591061-149275173-2848870365-1000", "PrincipalType": "User"}, {"RightName": "GenericAll", "IsInherited": false, "PrincipalSID": "S-1-5-21-300591061-149275173-2848870365-512", "PrincipalType": "Group"}, {"RightName": "GenericAll", "IsInherited": true, "PrincipalSID": "S-1-5-21-300591061-149275173-2848870365-519", "PrincipalType": "Group"}, {"RightName": "GenericWrite", "IsInherited": true, "PrincipalSID": "VDT.LOCAL-S-1-5-32-544", "PrincipalType": "Group"}, {"RightName": "WriteOwner", "IsInherited": true, "PrincipalSID": "VDT.LOCAL-S-1-5-32-544", "PrincipalType": "Group"}, {"RightName": "WriteDacl", "IsInherited": true, "PrincipalSID": "VDT.LOCAL-S-1-5-32-544", "PrincipalType": "Group"}], "Links": [], "ChildObjects": [{"ObjectIdentifier": "S-1-5-21-300591061-149275173-2848870365-1106", "ObjectType": "User"}], "GPOChanges": {"AffectedComputers": [], "DcomUsers": [], "LocalAdmins": [], "PSRemoteUsers": [], "RemoteDesktopUsers": []}},{"ObjectIdentifier": "85601806-89A5-4F67-9E07-33C00BCB0245", "Properties": {"domain": "VDT.LOCAL", "name": "DOMAIN CONTROLLERS@VDT.LOCAL", "distinguishedname": "OU=DOMAIN CONTROLLERS,DC=VDT,DC=LOCAL", "domainsid": "S-1-5-21-300591061-149275173-2848870365", "highvalue": false, "blocksinheritance": false, "description": "Default container for domain controllers", "whencreated": 1748190076}, "IsDeleted": false, "IsACLProtected": false, "Aces": [{"RightName": "Owns", "IsInherited": false, "PrincipalSID": "S-1-5-21-300591061-149275173-2848870365-512", "PrincipalType": "Group"}, {"RightName": "GenericWrite", "IsInherited": false, "PrincipalSID": "S-1-5-21-300591061-149275173-2848870365-512", "PrincipalType": "Group"}, {"RightName": "WriteOwner", "IsInherited": false, "PrincipalSID": "S-1-5-21-300591061-149275173-2848870365-512", "PrincipalType": "Group"}, {"RightName": "WriteDacl", "IsInherited": false, "PrincipalSID": "S-1-5-21-300591061-149275173-2848870365-512", "PrincipalType": "Group"}, {"RightName": "GenericAll", "IsInherited": true, "PrincipalSID": "S-1-5-21-300591061-149275173-2848870365-519", "PrincipalType": "Group"}, {"RightName": "GenericWrite", "IsInherited": true, "PrincipalSID": "VDT.LOCAL-S-1-5-32-544", "PrincipalType": "Group"}, {"RightName": "WriteOwner", "IsInherited": true, "PrincipalSID": "VDT.LOCAL-S-1-5-32-544", "PrincipalType": "Group"}, {"RightName": "WriteDacl", "IsInherited": true, "PrincipalSID": "VDT.LOCAL-S-1-5-32-544", "PrincipalType": "Group"}], "Links": [{"IsEnforced": false, "GUID": "FDFB29B0-550A-4414-8D21-490F226182B6"}], "ChildObjects": [{"ObjectIdentifier": "S-1-5-21-300591061-149275173-2848870365-1001", "ObjectType": "Computer"}], "GPOChanges": {"AffectedComputers": [], "DcomUsers": [], "LocalAdmins": [], "PSRemoteUsers": [], "RemoteDesktopUsers": []}}],"meta":{"methods":0,"type":"ous","count":20, "version":5}}