{"data":[{"ObjectIdentifier": "843823BD-EDE7-428E-A880-E06DAA8A8B97", "Properties": {"domain": "VDT.LOCAL", "name": "APPLICATIONSERVERS@VDT.LOCAL", "distinguishedname": "OU=APPLICATIONSERVERS,OU=VDT_SERVERS,DC=VDT,DC=LOCAL", "domainsid": "S-1-5-21-2792612951-3153621230-847724886", "highvalue": false, "blocksinheritance": false, "description": null, "whencreated": 1748012187}, "IsDeleted": false, "IsACLProtected": false, "Aces": [{"RightName": "Owns", "IsInherited": false, "PrincipalSID": "S-1-5-21-2792612951-3153621230-847724886-512", "PrincipalType": "Group"}, {"RightName": "GenericAll", "IsInherited": false, "PrincipalSID": "S-1-5-21-2792612951-3153621230-847724886-512", "PrincipalType": "Group"}, {"RightName": "GenericAll", "IsInherited": true, "PrincipalSID": "S-1-5-21-2792612951-3153621230-847724886-519", "PrincipalType": "Group"}, {"RightName": "GenericAll", "IsInherited": true, "PrincipalSID": "S-1-5-21-2792612951-3153621230-847724886-1111", "PrincipalType": "Base"}, {"RightName": "WriteOwner", "IsInherited": true, "PrincipalSID": "VDT.LOCAL-S-1-5-32-544", "PrincipalType": "Group"}, {"RightName": "WriteDacl", "IsInherited": true, "PrincipalSID": "VDT.LOCAL-S-1-5-32-544", "PrincipalType": "Group"}], "Links": [{"IsEnforced": false, "GUID": "2423B88A-C397-4CF9-B20C-ACB0DDCD4FC2"}], "ChildObjects": [], "GPOChanges": {"AffectedComputers": [], "DcomUsers": [], "LocalAdmins": [], "PSRemoteUsers": [], "RemoteDesktopUsers": []}},{"ObjectIdentifier": "59895CE7-5137-48CF-92A2-38BB029DCFF1", "Properties": {"domain": "VDT.LOCAL", "name": "VANPHONG_HCM@VDT.LOCAL", "distinguishedname": "OU=VANPHONG_HCM,OU=VDT_USERS,DC=VDT,DC=LOCAL", "domainsid": "S-1-5-21-2792612951-3153621230-847724886", "highvalue": false, "blocksinheritance": false, "description": "HCMC Office", "whencreated": 1748012042}, "IsDeleted": false, "IsACLProtected": false, "Aces": [{"RightName": "Owns", "IsInherited": false, "PrincipalSID": "S-1-5-21-2792612951-3153621230-847724886-512", "PrincipalType": "Group"}, {"RightName": "GenericAll", "IsInherited": false, "PrincipalSID": "S-1-5-21-2792612951-3153621230-847724886-512", "PrincipalType": "Group"}, {"RightName": "GenericAll", "IsInherited": true, "PrincipalSID": "S-1-5-21-2792612951-3153621230-847724886-519", "PrincipalType": "Group"}, {"RightName": "GenericAll", "IsInherited": true, "PrincipalSID": "S-1-5-21-2792612951-3153621230-847724886-1111", "PrincipalType": "Base"}, {"RightName": "WriteOwner", "IsInherited": true, "PrincipalSID": "VDT.LOCAL-S-1-5-32-544", "PrincipalType": "Group"}, {"RightName": "WriteDacl", "IsInherited": true, "PrincipalSID": "VDT.LOCAL-S-1-5-32-544", "PrincipalType": "Group"}], "Links": [], "ChildObjects": [], "GPOChanges": {"AffectedComputers": [], "DcomUsers": [], "LocalAdmins": [], "PSRemoteUsers": [], "RemoteDesktopUsers": []}},{"ObjectIdentifier": "20731FD9-7248-41FA-896D-6D4B1E9E3753", "Properties": {"domain": "VDT.LOCAL", "name": "VANPHONG_HANOI@VDT.LOCAL", "distinguishedname": "OU=VANPHONG_HANOI,OU=VDT_USERS,DC=VDT,DC=LOCAL", "domainsid": "S-1-5-21-2792612951-3153621230-847724886", "highvalue": false, "blocksinheritance": false, "description": "Hanoi Office", "whencreated": 1748012032}, "IsDeleted": false, "IsACLProtected": false, "Aces": [{"RightName": "Owns", "IsInherited": false, "PrincipalSID": "S-1-5-21-2792612951-3153621230-847724886-512", "PrincipalType": "Group"}, {"RightName": "GenericAll", "IsInherited": false, "PrincipalSID": "S-1-5-21-2792612951-3153621230-847724886-512", "PrincipalType": "Group"}, {"RightName": "GenericAll", "IsInherited": true, "PrincipalSID": "S-1-5-21-2792612951-3153621230-847724886-519", "PrincipalType": "Group"}, {"RightName": "GenericAll", "IsInherited": true, "PrincipalSID": "S-1-5-21-2792612951-3153621230-847724886-1111", "PrincipalType": "Base"}, {"RightName": "WriteOwner", "IsInherited": true, "PrincipalSID": "VDT.LOCAL-S-1-5-32-544", "PrincipalType": "Group"}, {"RightName": "WriteDacl", "IsInherited": true, "PrincipalSID": "VDT.LOCAL-S-1-5-32-544", "PrincipalType": "Group"}], "Links": [], "ChildObjects": [], "GPOChanges": {"AffectedComputers": [], "DcomUsers": [], "LocalAdmins": [], "PSRemoteUsers": [], "RemoteDesktopUsers": []}},{"ObjectIdentifier": "807DF287-F416-48C5-A875-C05F4BAD628D", "Properties": {"domain": "VDT.LOCAL", "name": "PHONG_ANNINHMANG@VDT.LOCAL", "distinguishedname": "OU=PHONG_ANNINHMANG,OU=VDT_USERS,DC=VDT,DC=LOCAL", "domainsid": "S-1-5-21-2792612951-3153621230-847724886", "highvalue": false, "blocksinheritance": false, "description": "Security Department", "whencreated": 1748012020}, "IsDeleted": false, "IsACLProtected": false, "Aces": [{"RightName": "Owns", "IsInherited": false, "PrincipalSID": "S-1-5-21-2792612951-3153621230-847724886-512", "PrincipalType": "Group"}, {"RightName": "GenericAll", "IsInherited": false, "PrincipalSID": "S-1-5-21-2792612951-3153621230-847724886-512", "PrincipalType": "Group"}, {"RightName": "GenericAll", "IsInherited": true, "PrincipalSID": "S-1-5-21-2792612951-3153621230-847724886-519", "PrincipalType": "Group"}, {"RightName": "GenericAll", "IsInherited": true, "PrincipalSID": "S-1-5-21-2792612951-3153621230-847724886-1111", "PrincipalType": "Base"}, {"RightName": "WriteOwner", "IsInherited": true, "PrincipalSID": "VDT.LOCAL-S-1-5-32-544", "PrincipalType": "Group"}, {"RightName": "WriteDacl", "IsInherited": true, "PrincipalSID": "VDT.LOCAL-S-1-5-32-544", "PrincipalType": "Group"}], "Links": [], "ChildObjects": [{"ObjectIdentifier": "S-1-5-21-2792612951-3153621230-847724886-1118", "ObjectType": "User"}], "GPOChanges": {"AffectedComputers": [], "DcomUsers": [], "LocalAdmins": [], "PSRemoteUsers": [], "RemoteDesktopUsers": []}},{"ObjectIdentifier": "B20CD0AC-B9AB-4F43-9033-688C8B2577A3", "Properties": {"domain": "VDT.LOCAL", "name": "PHONG_VANHANH@VDT.LOCAL", "distinguishedname": "OU=PHONG_VANHANH,OU=VDT_USERS,DC=VDT,DC=LOCAL", "domainsid": "S-1-5-21-2792612951-3153621230-847724886", "highvalue": false, "blocksinheritance": false, "description": "Operations Department", "whencreated": 1748012007}, "IsDeleted": false, "IsACLProtected": false, "Aces": [{"RightName": "Owns", "IsInherited": false, "PrincipalSID": "S-1-5-21-2792612951-3153621230-847724886-512", "PrincipalType": "Group"}, {"RightName": "GenericAll", "IsInherited": false, "PrincipalSID": "S-1-5-21-2792612951-3153621230-847724886-512", "PrincipalType": "Group"}, {"RightName": "GenericAll", "IsInherited": true, "PrincipalSID": "S-1-5-21-2792612951-3153621230-847724886-519", "PrincipalType": "Group"}, {"RightName": "GenericAll", "IsInherited": true, "PrincipalSID": "S-1-5-21-2792612951-3153621230-847724886-1111", "PrincipalType": "Base"}, {"RightName": "WriteOwner", "IsInherited": true, "PrincipalSID": "VDT.LOCAL-S-1-5-32-544", "PrincipalType": "Group"}, {"RightName": "WriteDacl", "IsInherited": true, "PrincipalSID": "VDT.LOCAL-S-1-5-32-544", "PrincipalType": "Group"}], "Links": [], "ChildObjects": [{"ObjectIdentifier": "S-1-5-21-2792612951-3153621230-847724886-1117", "ObjectType": "User"}, {"ObjectIdentifier": "S-1-5-21-2792612951-3153621230-847724886-1114", "ObjectType": "User"}, {"ObjectIdentifier": "S-1-5-21-2792612951-3153621230-847724886-1135", "ObjectType": "User"}, {"ObjectIdentifier": "S-1-5-21-2792612951-3153621230-847724886-1132", "ObjectType": "User"}], "GPOChanges": {"AffectedComputers": [], "DcomUsers": [], "LocalAdmins": [], "PSRemoteUsers": [], "RemoteDesktopUsers": []}},{"ObjectIdentifier": "BE0DD70D-E3A3-4FAC-A8F7-2C27061F08A2", "Properties": {"domain": "VDT.LOCAL", "name": "PHONG_KINHDOANH@VDT.LOCAL", "distinguishedname": "OU=PHONG_KINHDOANH,OU=VDT_USERS,DC=VDT,DC=LOCAL", "domainsid": "S-1-5-21-2792612951-3153621230-847724886", "highvalue": false, "blocksinheritance": false, "description": "Sales Department", "whencreated": 1748011992}, "IsDeleted": false, "IsACLProtected": false, "Aces": [{"RightName": "Owns", "IsInherited": false, "PrincipalSID": "S-1-5-21-2792612951-3153621230-847724886-512", "PrincipalType": "Group"}, {"RightName": "GenericAll", "IsInherited": false, "PrincipalSID": "S-1-5-21-2792612951-3153621230-847724886-512", "PrincipalType": "Group"}, {"RightName": "GenericAll", "IsInherited": true, "PrincipalSID": "S-1-5-21-2792612951-3153621230-847724886-519", "PrincipalType": "Group"}, {"RightName": "GenericAll", "IsInherited": true, "PrincipalSID": "S-1-5-21-2792612951-3153621230-847724886-1111", "PrincipalType": "Base"}, {"RightName": "WriteOwner", "IsInherited": true, "PrincipalSID": "VDT.LOCAL-S-1-5-32-544", "PrincipalType": "Group"}, {"RightName": "WriteDacl", "IsInherited": true, "PrincipalSID": "VDT.LOCAL-S-1-5-32-544", "PrincipalType": "Group"}], "Links": [], "ChildObjects": [{"ObjectIdentifier": "S-1-5-21-2792612951-3153621230-847724886-1133", "ObjectType": "User"}, {"ObjectIdentifier": "S-1-5-21-2792612951-3153621230-847724886-1116", "ObjectType": "User"}, {"ObjectIdentifier": "S-1-5-21-2792612951-3153621230-847724886-1142", "ObjectType": "User"}, {"ObjectIdentifier": "S-1-5-21-2792612951-3153621230-847724886-1131", "ObjectType": "User"}], "GPOChanges": {"AffectedComputers": [], "DcomUsers": [], "LocalAdmins": [], "PSRemoteUsers": [], "RemoteDesktopUsers": []}},{"ObjectIdentifier": "39D5AFCD-B539-4124-8699-BAF89F582412", "Properties": {"domain": "VDT.LOCAL", "name": "PHONG_PHATTRIEN@VDT.LOCAL", "distinguishedname": "OU=PHONG_PHATTRIEN,OU=VDT_USERS,DC=VDT,DC=LOCAL", "domainsid": "S-1-5-21-2792612951-3153621230-847724886", "highvalue": false, "blocksinheritance": false, "description": "Dev Department", "whencreated": 1748011984}, "IsDeleted": false, "IsACLProtected": false, "Aces": [{"RightName": "Owns", "IsInherited": false, "PrincipalSID": "S-1-5-21-2792612951-3153621230-847724886-512", "PrincipalType": "Group"}, {"RightName": "GenericAll", "IsInherited": false, "PrincipalSID": "S-1-5-21-2792612951-3153621230-847724886-512", "PrincipalType": "Group"}, {"RightName": "GenericAll", "IsInherited": true, "PrincipalSID": "S-1-5-21-2792612951-3153621230-847724886-519", "PrincipalType": "Group"}, {"RightName": "GenericAll", "IsInherited": true, "PrincipalSID": "S-1-5-21-2792612951-3153621230-847724886-1111", "PrincipalType": "Base"}, {"RightName": "WriteOwner", "IsInherited": true, "PrincipalSID": "VDT.LOCAL-S-1-5-32-544", "PrincipalType": "Group"}, {"RightName": "WriteDacl", "IsInherited": true, "PrincipalSID": "VDT.LOCAL-S-1-5-32-544", "PrincipalType": "Group"}], "Links": [], "ChildObjects": [{"ObjectIdentifier": "S-1-5-21-2792612951-3153621230-847724886-1130", "ObjectType": "User"}, {"ObjectIdentifier": "S-1-5-21-2792612951-3153621230-847724886-1134", "ObjectType": "User"}], "GPOChanges": {"AffectedComputers": [], "DcomUsers": [], "LocalAdmins": [], "PSRemoteUsers": [], "RemoteDesktopUsers": []}},{"ObjectIdentifier": "F953A2F0-7087-4A86-89BB-C05EB27B8378", "Properties": {"domain": "VDT.LOCAL", "name": "GROUPPOLICIES@VDT.LOCAL", "distinguishedname": "OU=GROUPPOLICIES,DC=VDT,DC=LOCAL", "domainsid": "S-1-5-21-2792612951-3153621230-847724886", "highvalue": false, "blocksinheritance": false, "description": "Including custom GPO", "whencreated": 1748011930}, "IsDeleted": false, "IsACLProtected": false, "Aces": [{"RightName": "Owns", "IsInherited": false, "PrincipalSID": "S-1-5-21-2792612951-3153621230-847724886-512", "PrincipalType": "Group"}, {"RightName": "GenericAll", "IsInherited": false, "PrincipalSID": "S-1-5-21-2792612951-3153621230-847724886-512", "PrincipalType": "Group"}, {"RightName": "GenericAll", "IsInherited": true, "PrincipalSID": "S-1-5-21-2792612951-3153621230-847724886-519", "PrincipalType": "Group"}, {"RightName": "GenericAll", "IsInherited": true, "PrincipalSID": "S-1-5-21-2792612951-3153621230-847724886-1111", "PrincipalType": "Base"}, {"RightName": "WriteOwner", "IsInherited": true, "PrincipalSID": "VDT.LOCAL-S-1-5-32-544", "PrincipalType": "Group"}, {"RightName": "WriteDacl", "IsInherited": true, "PrincipalSID": "VDT.LOCAL-S-1-5-32-544", "PrincipalType": "Group"}], "Links": [], "ChildObjects": [], "GPOChanges": {"AffectedComputers": [], "DcomUsers": [], "LocalAdmins": [], "PSRemoteUsers": [], "RemoteDesktopUsers": []}},{"ObjectIdentifier": "0A0E97AE-74D9-4016-A339-6552AD215494", "Properties": {"domain": "VDT.LOCAL", "name": "VDT_ADMINACCOUNTS@VDT.LOCAL", "distinguishedname": "OU=VDT_ADMINACCOUNTS,DC=VDT,DC=LOCAL", "domainsid": "S-1-5-21-2792612951-3153621230-847724886", "highvalue": false, "blocksinheritance": false, "description": null, "whencreated": 1748011918}, "IsDeleted": false, "IsACLProtected": false, "Aces": [{"RightName": "Owns", "IsInherited": false, "PrincipalSID": "S-1-5-21-2792612951-3153621230-847724886-512", "PrincipalType": "Group"}, {"RightName": "GenericAll", "IsInherited": false, "PrincipalSID": "S-1-5-21-2792612951-3153621230-847724886-512", "PrincipalType": "Group"}, {"RightName": "GenericAll", "IsInherited": true, "PrincipalSID": "S-1-5-21-2792612951-3153621230-847724886-519", "PrincipalType": "Group"}, {"RightName": "GenericAll", "IsInherited": true, "PrincipalSID": "S-1-5-21-2792612951-3153621230-847724886-1111", "PrincipalType": "Base"}, {"RightName": "WriteOwner", "IsInherited": true, "PrincipalSID": "VDT.LOCAL-S-1-5-32-544", "PrincipalType": "Group"}, {"RightName": "WriteDacl", "IsInherited": true, "PrincipalSID": "VDT.LOCAL-S-1-5-32-544", "PrincipalType": "Group"}], "Links": [], "ChildObjects": [{"ObjectIdentifier": "S-1-5-21-2792612951-3153621230-847724886-1144", "ObjectType": "Group"}, {"ObjectIdentifier": "S-1-5-21-2792612951-3153621230-847724886-1122", "ObjectType": "User"}, {"ObjectIdentifier": "S-1-5-21-2792612951-3153621230-847724886-1119", "ObjectType": "User"}, {"ObjectIdentifier": "S-1-5-21-2792612951-3153621230-847724886-1123", "ObjectType": "User"}], "GPOChanges": {"AffectedComputers": [], "DcomUsers": [], "LocalAdmins": [], "PSRemoteUsers": [], "RemoteDesktopUsers": []}},{"ObjectIdentifier": "7EF52BF8-FC94-4C07-BDA3-06EE1F513ED2", "Properties": {"domain": "VDT.LOCAL", "name": "VDT_SERVICEACCOUNTS@VDT.LOCAL", "distinguishedname": "OU=VDT_SERVICEACCOUNTS,DC=VDT,DC=LOCAL", "domainsid": "S-1-5-21-2792612951-3153621230-847724886", "highvalue": false, "blocksinheritance": false, "description": null, "whencreated": 1748011903}, "IsDeleted": false, "IsACLProtected": false, "Aces": [{"RightName": "Owns", "IsInherited": false, "PrincipalSID": "S-1-5-21-2792612951-3153621230-847724886-512", "PrincipalType": "Group"}, {"RightName": "GenericAll", "IsInherited": false, "PrincipalSID": "S-1-5-21-2792612951-3153621230-847724886-512", "PrincipalType": "Group"}, {"RightName": "GenericAll", "IsInherited": true, "PrincipalSID": "S-1-5-21-2792612951-3153621230-847724886-519", "PrincipalType": "Group"}, {"RightName": "GenericAll", "IsInherited": true, "PrincipalSID": "S-1-5-21-2792612951-3153621230-847724886-1111", "PrincipalType": "Base"}, {"RightName": "WriteOwner", "IsInherited": true, "PrincipalSID": "VDT.LOCAL-S-1-5-32-544", "PrincipalType": "Group"}, {"RightName": "WriteDacl", "IsInherited": true, "PrincipalSID": "VDT.LOCAL-S-1-5-32-544", "PrincipalType": "Group"}], "Links": [], "ChildObjects": [{"ObjectIdentifier": "S-1-5-21-2792612951-3153621230-847724886-1115", "ObjectType": "User"}], "GPOChanges": {"AffectedComputers": [], "DcomUsers": [], "LocalAdmins": [], "PSRemoteUsers": [], "RemoteDesktopUsers": []}},{"ObjectIdentifier": "6EE6882D-8D39-445F-B814-21A03792B1C8", "Properties": {"domain": "VDT.LOCAL", "name": "VDT_SERVERS@VDT.LOCAL", "distinguishedname": "OU=VDT_SERVERS,DC=VDT,DC=LOCAL", "domainsid": "S-1-5-21-2792612951-3153621230-847724886", "highvalue": false, "blocksinheritance": false, "description": null, "whencreated": 1748011842}, "IsDeleted": false, "IsACLProtected": false, "Aces": [{"RightName": "Owns", "IsInherited": false, "PrincipalSID": "S-1-5-21-2792612951-3153621230-847724886-512", "PrincipalType": "Group"}, {"RightName": "GenericAll", "IsInherited": false, "PrincipalSID": "S-1-5-21-2792612951-3153621230-847724886-512", "PrincipalType": "Group"}, {"RightName": "GenericAll", "IsInherited": true, "PrincipalSID": "S-1-5-21-2792612951-3153621230-847724886-519", "PrincipalType": "Group"}, {"RightName": "GenericAll", "IsInherited": true, "PrincipalSID": "S-1-5-21-2792612951-3153621230-847724886-1111", "PrincipalType": "Base"}, {"RightName": "WriteOwner", "IsInherited": true, "PrincipalSID": "VDT.LOCAL-S-1-5-32-544", "PrincipalType": "Group"}, {"RightName": "WriteDacl", "IsInherited": true, "PrincipalSID": "VDT.LOCAL-S-1-5-32-544", "PrincipalType": "Group"}], "Links": [], "ChildObjects": [{"ObjectIdentifier": "843823BD-EDE7-428E-A880-E06DAA8A8B97", "ObjectType": "OU"}], "GPOChanges": {"AffectedComputers": [], "DcomUsers": [], "LocalAdmins": [], "PSRemoteUsers": [], "RemoteDesktopUsers": []}},{"ObjectIdentifier": "ACA3E13C-7CD6-4542-B965-19FBDF0B6EE1", "Properties": {"domain": "VDT.LOCAL", "name": "DOMAIN CONTROLLERS@VDT.LOCAL", "distinguishedname": "OU=DOMAIN CONTROLLERS,DC=VDT,DC=LOCAL", "domainsid": "S-1-5-21-2792612951-3153621230-847724886", "highvalue": false, "blocksinheritance": false, "description": "Default container for domain controllers", "whencreated": 1747850182}, "IsDeleted": false, "IsACLProtected": false, "Aces": [{"RightName": "Owns", "IsInherited": false, "PrincipalSID": "S-1-5-21-2792612951-3153621230-847724886-512", "PrincipalType": "Group"}, {"RightName": "WriteOwner", "IsInherited": false, "PrincipalSID": "S-1-5-21-2792612951-3153621230-847724886-512", "PrincipalType": "Group"}, {"RightName": "WriteDacl", "IsInherited": false, "PrincipalSID": "S-1-5-21-2792612951-3153621230-847724886-512", "PrincipalType": "Group"}, {"RightName": "GenericAll", "IsInherited": true, "PrincipalSID": "S-1-5-21-2792612951-3153621230-847724886-519", "PrincipalType": "Group"}, {"RightName": "GenericAll", "IsInherited": true, "PrincipalSID": "S-1-5-21-2792612951-3153621230-847724886-1111", "PrincipalType": "Base"}, {"RightName": "WriteOwner", "IsInherited": true, "PrincipalSID": "VDT.LOCAL-S-1-5-32-544", "PrincipalType": "Group"}, {"RightName": "WriteDacl", "IsInherited": true, "PrincipalSID": "VDT.LOCAL-S-1-5-32-544", "PrincipalType": "Group"}], "Links": [{"IsEnforced": false, "GUID": "07547BAB-3262-49D7-A797-D8170DA43415"}], "ChildObjects": [{"ObjectIdentifier": "S-1-5-21-2792612951-3153621230-847724886-1112", "ObjectType": "Computer"}, {"ObjectIdentifier": "S-1-5-21-2792612951-3153621230-847724886-1001", "ObjectType": "Computer"}], "GPOChanges": {"AffectedComputers": [], "DcomUsers": [], "LocalAdmins": [], "PSRemoteUsers": [], "RemoteDesktopUsers": []}},{"ObjectIdentifier": "53173D67-B02D-469C-BCC3-CBFC76FC673D", "Properties": {"domain": "VDT.LOCAL", "name": "VDT_USERS@VDT.LOCAL", "distinguishedname": "OU=VDT_USERS,DC=VDT,DC=LOCAL", "domainsid": "S-1-5-21-2792612951-3153621230-847724886", "highvalue": false, "blocksinheritance": false, "description": null, "whencreated": 1748011830}, "IsDeleted": false, "IsACLProtected": false, "Aces": [{"RightName": "Owns", "IsInherited": false, "PrincipalSID": "S-1-5-21-2792612951-3153621230-847724886-512", "PrincipalType": "Group"}, {"RightName": "GenericAll", "IsInherited": false, "PrincipalSID": "S-1-5-21-2792612951-3153621230-847724886-512", "PrincipalType": "Group"}, {"RightName": "GenericAll", "IsInherited": true, "PrincipalSID": "S-1-5-21-2792612951-3153621230-847724886-519", "PrincipalType": "Group"}, {"RightName": "GenericAll", "IsInherited": true, "PrincipalSID": "S-1-5-21-2792612951-3153621230-847724886-1111", "PrincipalType": "Base"}, {"RightName": "WriteOwner", "IsInherited": true, "PrincipalSID": "VDT.LOCAL-S-1-5-32-544", "PrincipalType": "Group"}, {"RightName": "WriteDacl", "IsInherited": true, "PrincipalSID": "VDT.LOCAL-S-1-5-32-544", "PrincipalType": "Group"}], "Links": [], "ChildObjects": [{"ObjectIdentifier": "59895CE7-5137-48CF-92A2-38BB029DCFF1", "ObjectType": "OU"}, {"ObjectIdentifier": "20731FD9-7248-41FA-896D-6D4B1E9E3753", "ObjectType": "OU"}, {"ObjectIdentifier": "B20CD0AC-B9AB-4F43-9033-688C8B2577A3", "ObjectType": "OU"}, {"ObjectIdentifier": "39D5AFCD-B539-4124-8699-BAF89F582412", "ObjectType": "OU"}, {"ObjectIdentifier": "BE0DD70D-E3A3-4FAC-A8F7-2C27061F08A2", "ObjectType": "OU"}, {"ObjectIdentifier": "807DF287-F416-48C5-A875-C05F4BAD628D", "ObjectType": "OU"}], "GPOChanges": {"AffectedComputers": [], "DcomUsers": [], "LocalAdmins": [], "PSRemoteUsers": [], "RemoteDesktopUsers": []}}],"meta":{"methods":0,"type":"ous","count":13, "version":5}}