{"data":[{"ObjectIdentifier": "S-1-5-21-2792612951-3153621230-847724886-1001", "AllowedToAct": [], "PrimaryGroupSID": "S-1-5-21-2792612951-3153621230-847724886-516", "LocalAdmins": {"Collected": true, "FailureReason": null, "Results": [{"ObjectIdentifier": "S-1-5-21-2792612951-3153621230-847724886-500", "ObjectType": "User"}, {"ObjectIdentifier": "S-1-5-21-2792612951-3153621230-847724886-519", "ObjectType": "Group"}, {"ObjectIdentifier": "S-1-5-21-2792612951-3153621230-847724886-512", "ObjectType": "Group"}]}, "PSRemoteUsers": {"Collected": true, "FailureReason": null, "Results": []}, "Properties": {"name": "VDT-HANOI-DC01.VDT.LOCAL", "domainsid": "S-1-5-21-2792612951-3153621230-847724886", "domain": "VDT.LOCAL", "distinguishedname": "CN=VDT-HANOI-DC01,OU=DOMAIN CONTROLLERS,DC=VDT,DC=LOCAL", "unconstraineddelegation": true, "enabled": true, "trustedtoauth": false, "samaccountname": "VDT-HANOI-DC01$", "haslaps": false, "lastlogon": 1748039933, "lastlogontimestamp": 1747850277, "pwdlastset": 1747850254, "whencreated": 1747850237, "serviceprincipalnames": ["ldap/VDT-DC01/VDT", "HOST/VDT-DC01/vdt.local", "ldap/VDT-DC01/ForestDnsZones.vdt.local", "HOST/VDT-DC01/VDT", "ldap/VDT-HANOI-DC01/ForestDnsZones.vdt.local", "ldap/VDT-DC01/DomainDnsZones.vdt.local", "HOST/VDT-HANOI-DC01/vdt.local", "ldap/VDT-HANOI-DC01/DomainDnsZones.vdt.local", "GC/VDT-HANOI-DC01/vdt.local", "ldap/VDT-DC01/vdt.local", "GC/VDT-DC01/vdt.local", "ldap/VDT-HANOI-DC01/vdt.local", "RestrictedKrbHost/VDT-DC01", "HOST/VDT-DC01", "ldap/VDT-DC01", "HOST/VDT-HANOI-DC01/VDT", "ldap/VDT-HANOI-DC01/VDT", "Dfsr-12F9A27C-BF97-4787-9364-D31B6C55EB04/VDT-Hanoi-DC01.vdt.local", "ldap/VDT-Hanoi-DC01.vdt.local/ForestDnsZones.vdt.local", "ldap/VDT-Hanoi-DC01.vdt.local/DomainDnsZones.vdt.local", "DNS/VDT-Hanoi-DC01.vdt.local", "GC/VDT-Hanoi-DC01.vdt.local/vdt.local", "RestrictedKrbHost/VDT-Hanoi-DC01.vdt.local", "RestrictedKrbHost/VDT-HANOI-DC01", "HOST/VDT-Hanoi-DC01.vdt.local/VDT", "HOST/VDT-HANOI-DC01", "HOST/VDT-Hanoi-DC01.vdt.local", "HOST/VDT-Hanoi-DC01.vdt.local/vdt.local", "ldap/VDT-Hanoi-DC01.vdt.local/VDT", "ldap/VDT-HANOI-DC01", "ldap/VDT-Hanoi-DC01.vdt.local", "ldap/VDT-Hanoi-DC01.vdt.local/vdt.local", "RPC/552ed990-3a7e-4728-af84-7eb222c879b9._msdcs.vdt.local", "E3514235-4B06-11D1-AB04-00C04FC2DCD2/552ed990-3a7e-4728-af84-7eb222c879b9/vdt.local", "ldap/552ed990-3a7e-4728-af84-7eb222c879b9._msdcs.vdt.local"], "description": null, "operatingsystem": "Windows Server 2019 Standard", "sidhistory": []}, "RemoteDesktopUsers": {"Collected": true, "FailureReason": null, "Results": []}, "DcomUsers": {"Collected": true, "FailureReason": null, "Results": []}, "AllowedToDelegate": [], "Sessions": {"Collected": true, "FailureReason": null, "Results": []}, "PrivilegedSessions": {"Collected": false, "FailureReason": null, "Results": []}, "RegistrySessions": {"Collected": false, "FailureReason": null, "Results": []}, "Aces": [{"RightName": "Owns", "IsInherited": false, "PrincipalSID": "S-1-5-21-2792612951-3153621230-847724886-512", "PrincipalType": "Group"}, {"RightName": "GenericAll", "IsInherited": false, "PrincipalSID": "S-1-5-21-2792612951-3153621230-847724886-512", "PrincipalType": "Group"}, {"RightName": "AddKeyCredentialLink", "IsInherited": true, "PrincipalSID": "S-1-5-21-2792612951-3153621230-847724886-526", "PrincipalType": "Group"}, {"RightName": "AddKeyCredentialLink", "IsInherited": true, "PrincipalSID": "S-1-5-21-2792612951-3153621230-847724886-527", "PrincipalType": "Group"}, {"RightName": "GenericAll", "IsInherited": true, "PrincipalSID": "S-1-5-21-2792612951-3153621230-847724886-519", "PrincipalType": "Group"}, {"RightName": "GenericAll", "IsInherited": true, "PrincipalSID": "S-1-5-21-2792612951-3153621230-847724886-1111", "PrincipalType": "Base"}, {"RightName": "GenericWrite", "IsInherited": true, "PrincipalSID": "VDT.LOCAL-S-1-5-32-544", "PrincipalType": "Group"}, {"RightName": "WriteOwner", "IsInherited": true, "PrincipalSID": "VDT.LOCAL-S-1-5-32-544", "PrincipalType": "Group"}, {"RightName": "WriteDacl", "IsInherited": true, "PrincipalSID": "VDT.LOCAL-S-1-5-32-544", "PrincipalType": "Group"}], "HasSIDHistory": [], "IsDeleted": false, "Status": null, "IsACLProtected": false},{"ObjectIdentifier": "S-1-5-21-2792612951-3153621230-847724886-1112", "AllowedToAct": [], "PrimaryGroupSID": "S-1-5-21-2792612951-3153621230-847724886-515", "LocalAdmins": {"Collected": false, "FailureReason": null, "Results": []}, "PSRemoteUsers": {"Collected": false, "FailureReason": null, "Results": []}, "Properties": {"name": "VDT-HCM-DC02.VDT.LOCAL", "domainsid": "S-1-5-21-2792612951-3153621230-847724886", "domain": "VDT.LOCAL", "distinguishedname": "CN=VDT-HCM-DC02,OU=DOMAIN CONTROLLERS,DC=VDT,DC=LOCAL", "unconstraineddelegation": false, "enabled": true, "trustedtoauth": false, "samaccountname": "VDT-HCM-DC02$", "haslaps": false, "lastlogon": 1748055022, "lastlogontimestamp": 1748010909, "pwdlastset": 1748010862, "whencreated": 1748010862, "serviceprincipalnames": ["WSMAN/VDT-HCM-DC02", "WSMAN/VDT-HCM-DC02.vdt.local", "RestrictedKrbHost/VDT-HCM-DC02", "HOST/VDT-HCM-DC02", "RestrictedKrbHost/VDT-HCM-DC02.vdt.local", "HOST/VDT-HCM-DC02.vdt.local"], "description": null, "operatingsystem": "Windows Server 2019 Standard", "sidhistory": []}, "RemoteDesktopUsers": {"Collected": false, "FailureReason": null, "Results": []}, "DcomUsers": {"Collected": false, "FailureReason": null, "Results": []}, "AllowedToDelegate": [], "Sessions": {"Collected": false, "FailureReason": null, "Results": []}, "PrivilegedSessions": {"Collected": false, "FailureReason": null, "Results": []}, "RegistrySessions": {"Collected": false, "FailureReason": null, "Results": []}, "Aces": [{"RightName": "Owns", "IsInherited": false, "PrincipalSID": "S-1-5-21-2792612951-3153621230-847724886-512", "PrincipalType": "Group"}, {"RightName": "GenericAll", "IsInherited": false, "PrincipalSID": "S-1-5-21-2792612951-3153621230-847724886-512", "PrincipalType": "Group"}, {"RightName": "GenericAll", "IsInherited": false, "PrincipalSID": "VDT.LOCAL-S-1-5-32-548", "PrincipalType": "Group"}, {"RightName": "AddKeyCredentialLink", "IsInherited": true, "PrincipalSID": "S-1-5-21-2792612951-3153621230-847724886-526", "PrincipalType": "Group"}, {"RightName": "AddKeyCredentialLink", "IsInherited": true, "PrincipalSID": "S-1-5-21-2792612951-3153621230-847724886-527", "PrincipalType": "Group"}, {"RightName": "GenericAll", "IsInherited": true, "PrincipalSID": "S-1-5-21-2792612951-3153621230-847724886-519", "PrincipalType": "Group"}, {"RightName": "GenericAll", "IsInherited": true, "PrincipalSID": "S-1-5-21-2792612951-3153621230-847724886-1111", "PrincipalType": "Base"}, {"RightName": "GenericWrite", "IsInherited": true, "PrincipalSID": "VDT.LOCAL-S-1-5-32-544", "PrincipalType": "Group"}, {"RightName": "WriteOwner", "IsInherited": true, "PrincipalSID": "VDT.LOCAL-S-1-5-32-544", "PrincipalType": "Group"}, {"RightName": "WriteDacl", "IsInherited": true, "PrincipalSID": "VDT.LOCAL-S-1-5-32-544", "PrincipalType": "Group"}], "HasSIDHistory": [], "IsDeleted": false, "Status": null, "IsACLProtected": false},{"ObjectIdentifier": "S-1-5-21-2792612951-3153621230-847724886-1143", "AllowedToAct": [], "PrimaryGroupSID": "S-1-5-21-2792612951-3153621230-847724886-515", "LocalAdmins": {"Collected": false, "FailureReason": null, "Results": []}, "PSRemoteUsers": {"Collected": false, "FailureReason": null, "Results": []}, "Properties": {"name": "VDT-APP01.VDT.LOCAL", "domainsid": "S-1-5-21-2792612951-3153621230-847724886", "domain": "VDT.LOCAL", "distinguishedname": "CN=VDT-APP01,CN=COMPUTERS,DC=VDT,DC=LOCAL", "unconstraineddelegation": false, "enabled": true, "trustedtoauth": false, "samaccountname": "VDT-APP01$", "haslaps": false, "lastlogon": 1748055021, "lastlogontimestamp": 1748023063, "pwdlastset": 1748024566, "whencreated": 1748023019, "serviceprincipalnames": ["WSMAN/VDT-APP01", "WSMAN/VDT-APP01.vdt.local", "RestrictedKrbHost/VDT-APP01", "HOST/VDT-APP01", "RestrictedKrbHost/VDT-APP01.vdt.local", "HOST/VDT-APP01.vdt.local"], "description": null, "operatingsystem": "Windows Server 2019 Standard", "sidhistory": []}, "RemoteDesktopUsers": {"Collected": false, "FailureReason": null, "Results": []}, "DcomUsers": {"Collected": false, "FailureReason": null, "Results": []}, "AllowedToDelegate": [], "Sessions": {"Collected": false, "FailureReason": null, "Results": []}, "PrivilegedSessions": {"Collected": false, "FailureReason": null, "Results": []}, "RegistrySessions": {"Collected": false, "FailureReason": null, "Results": []}, "Aces": [{"RightName": "Owns", "IsInherited": false, "PrincipalSID": "S-1-5-21-2792612951-3153621230-847724886-512", "PrincipalType": "Group"}, {"RightName": "WriteAccountRestrictions", "IsInherited": false, "PrincipalSID": "S-1-5-21-2792612951-3153621230-847724886-1115", "PrincipalType": "User"}, {"RightName": "AllExtendedRights", "IsInherited": false, "PrincipalSID": "S-1-5-21-2792612951-3153621230-847724886-1115", "PrincipalType": "User"}, {"RightName": "GenericAll", "IsInherited": false, "PrincipalSID": "S-1-5-21-2792612951-3153621230-847724886-512", "PrincipalType": "Group"}, {"RightName": "GenericAll", "IsInherited": false, "PrincipalSID": "VDT.LOCAL-S-1-5-32-548", "PrincipalType": "Group"}, {"RightName": "AddKeyCredentialLink", "IsInherited": true, "PrincipalSID": "S-1-5-21-2792612951-3153621230-847724886-526", "PrincipalType": "Group"}, {"RightName": "AddKeyCredentialLink", "IsInherited": true, "PrincipalSID": "S-1-5-21-2792612951-3153621230-847724886-527", "PrincipalType": "Group"}, {"RightName": "GenericAll", "IsInherited": true, "PrincipalSID": "S-1-5-21-2792612951-3153621230-847724886-519", "PrincipalType": "Group"}, {"RightName": "GenericAll", "IsInherited": true, "PrincipalSID": "S-1-5-21-2792612951-3153621230-847724886-1111", "PrincipalType": "Base"}, {"RightName": "GenericWrite", "IsInherited": true, "PrincipalSID": "VDT.LOCAL-S-1-5-32-544", "PrincipalType": "Group"}, {"RightName": "WriteOwner", "IsInherited": true, "PrincipalSID": "VDT.LOCAL-S-1-5-32-544", "PrincipalType": "Group"}, {"RightName": "WriteDacl", "IsInherited": true, "PrincipalSID": "VDT.LOCAL-S-1-5-32-544", "PrincipalType": "Group"}], "HasSIDHistory": [], "IsDeleted": false, "Status": null, "IsACLProtected": false}],"meta":{"methods":0,"type":"computers","count":3, "version":5}}