{"data":[{"ObjectIdentifier": "2423B88A-C397-4CF9-B20C-ACB0DDCD4FC2", "Properties": {"domain": "VDT.LOCAL", "name": "GPO_CAIDATBAOMAT@VDT.LOCAL", "distinguishedname": "CN={563ED1E4-CFEC-4B58-B090-F9BE8CAA96AB},CN=POLICIES,CN=SYSTEM,DC=VDT,DC=LOCAL", "domainsid": "S-1-5-21-2792612951-3153621230-847724886", "highvalue": false, "gpcpath": "\\\\VDT.LOCAL\\SYSVOL\\VDT.LOCAL\\POLICIES\\{563ED1E4-CFEC-4B58-B090-F9BE8CAA96AB}", "description": null, "whencreated": 1748024098}, "IsDeleted": false, "IsACLProtected": true, "Aces": [{"RightName": "Owns", "IsInherited": false, "PrincipalSID": "S-1-5-21-2792612951-3153621230-847724886-512", "PrincipalType": "Group"}, {"RightName": "GenericWrite", "IsInherited": false, "PrincipalSID": "S-1-5-21-2792612951-3153621230-847724886-1117", "PrincipalType": "User"}, {"RightName": "WriteOwner", "IsInherited": false, "PrincipalSID": "S-1-5-21-2792612951-3153621230-847724886-1117", "PrincipalType": "User"}, {"RightName": "WriteDacl", "IsInherited": false, "PrincipalSID": "S-1-5-21-2792612951-3153621230-847724886-1117", "PrincipalType": "User"}]},{"ObjectIdentifier": "299DC997-A32A-49C1-A1D8-E1957A8BFFC0", "Properties": {"domain": "VDT.LOCAL", "name": "DEFAULT DOMAIN POLICY@VDT.LOCAL", "distinguishedname": "CN={31B2F340-016D-11D2-945F-00C04FB984F9},CN=POLICIES,CN=SYSTEM,DC=VDT,DC=LOCAL", "domainsid": "S-1-5-21-2792612951-3153621230-847724886", "highvalue": false, "gpcpath": "\\\\VDT.LOCAL\\SYSVOL\\VDT.LOCAL\\POLICIES\\{31B2F340-016D-11D2-945F-00C04FB984F9}", "description": null, "whencreated": 1747850182}, "IsDeleted": false, "IsACLProtected": true, "Aces": [{"RightName": "Owns", "IsInherited": false, "PrincipalSID": "S-1-5-21-2792612951-3153621230-847724886-512", "PrincipalType": "Group"}, {"RightName": "GenericWrite", "IsInherited": false, "PrincipalSID": "S-1-5-21-2792612951-3153621230-847724886-512", "PrincipalType": "Group"}, {"RightName": "WriteOwner", "IsInherited": false, "PrincipalSID": "S-1-5-21-2792612951-3153621230-847724886-512", "PrincipalType": "Group"}, {"RightName": "WriteDacl", "IsInherited": false, "PrincipalSID": "S-1-5-21-2792612951-3153621230-847724886-512", "PrincipalType": "Group"}, {"RightName": "GenericWrite", "IsInherited": false, "PrincipalSID": "S-1-5-21-2792612951-3153621230-847724886-519", "PrincipalType": "Group"}, {"RightName": "WriteOwner", "IsInherited": false, "PrincipalSID": "S-1-5-21-2792612951-3153621230-847724886-519", "PrincipalType": "Group"}, {"RightName": "WriteDacl", "IsInherited": false, "PrincipalSID": "S-1-5-21-2792612951-3153621230-847724886-519", "PrincipalType": "Group"}, {"RightName": "GenericWrite", "IsInherited": false, "PrincipalSID": "S-1-5-21-2792612951-3153621230-847724886-512", "PrincipalType": "Group"}, {"RightName": "WriteOwner", "IsInherited": false, "PrincipalSID": "S-1-5-21-2792612951-3153621230-847724886-512", "PrincipalType": "Group"}, {"RightName": "WriteDacl", "IsInherited": false, "PrincipalSID": "S-1-5-21-2792612951-3153621230-847724886-512", "PrincipalType": "Group"}]},{"ObjectIdentifier": "07547BAB-3262-49D7-A797-D8170DA43415", "Properties": {"domain": "VDT.LOCAL", "name": "DEFAULT DOMAIN CONTROLLERS POLICY@VDT.LOCAL", "distinguishedname": "CN={6AC1786C-016F-11D2-945F-00C04FB984F9},CN=POLICIES,CN=SYSTEM,DC=VDT,DC=LOCAL", "domainsid": "S-1-5-21-2792612951-3153621230-847724886", "highvalue": false, "gpcpath": "\\\\VDT.LOCAL\\SYSVOL\\VDT.LOCAL\\POLICIES\\{6AC1786C-016F-11D2-945F-00C04FB984F9}", "description": null, "whencreated": 1747850182}, "IsDeleted": false, "IsACLProtected": true, "Aces": [{"RightName": "Owns", "IsInherited": false, "PrincipalSID": "S-1-5-21-2792612951-3153621230-847724886-512", "PrincipalType": "Group"}, {"RightName": "GenericWrite", "IsInherited": false, "PrincipalSID": "S-1-5-21-2792612951-3153621230-847724886-512", "PrincipalType": "Group"}, {"RightName": "WriteOwner", "IsInherited": false, "PrincipalSID": "S-1-5-21-2792612951-3153621230-847724886-512", "PrincipalType": "Group"}, {"RightName": "WriteDacl", "IsInherited": false, "PrincipalSID": "S-1-5-21-2792612951-3153621230-847724886-512", "PrincipalType": "Group"}, {"RightName": "GenericWrite", "IsInherited": false, "PrincipalSID": "S-1-5-21-2792612951-3153621230-847724886-519", "PrincipalType": "Group"}, {"RightName": "WriteOwner", "IsInherited": false, "PrincipalSID": "S-1-5-21-2792612951-3153621230-847724886-519", "PrincipalType": "Group"}, {"RightName": "WriteDacl", "IsInherited": false, "PrincipalSID": "S-1-5-21-2792612951-3153621230-847724886-519", "PrincipalType": "Group"}, {"RightName": "GenericWrite", "IsInherited": false, "PrincipalSID": "S-1-5-21-2792612951-3153621230-847724886-512", "PrincipalType": "Group"}, {"RightName": "WriteOwner", "IsInherited": false, "PrincipalSID": "S-1-5-21-2792612951-3153621230-847724886-512", "PrincipalType": "Group"}, {"RightName": "WriteDacl", "IsInherited": false, "PrincipalSID": "S-1-5-21-2792612951-3153621230-847724886-512", "PrincipalType": "Group"}]}],"meta":{"methods":0,"type":"gpos","count":3, "version":5}}